model,dataset,tokens,token_offset,key_bits,value_bits,m_over_d,m,n_seeds,kv_bytes,key_bytes,value_bytes,qjl_bytes,shared_projection_bytes,fp16_perplexity,seed_perplexities,perplexity_mean,perplexity_sd,perplexity_ci95_low,perplexity_ci95_high,ppl_delta_fp_mean,ppl_delta_fp_sd,ppl_delta_fp_ci95_low,ppl_delta_fp_ci95_high,attention_logit_rmse_mean,attention_logit_rmse_sd,attention_logit_rmse_ci95_low,attention_logit_rmse_ci95_high,qjl_residual_rmse_mean,qjl_residual_rmse_sd,qjl_residual_rmse_ci95_low,qjl_residual_rmse_ci95_high,attention_kl_fp_to_quantized_mean,attention_kl_fp_to_quantized_sd,attention_kl_fp_to_quantized_ci95_low,attention_kl_fp_to_quantized_ci95_high,residual_norm_mean_mean,residual_norm_mean_sd,residual_norm_mean_ci95_low,residual_norm_mean_ci95_high,residual_norm_std_mean,residual_norm_std_sd,residual_norm_std_ci95_low,residual_norm_std_ci95_high,key_norm_mean_mean,key_norm_mean_sd,key_norm_mean_ci95_low,key_norm_mean_ci95_high,runtime_s_mean,runtime_s_sd,runtime_s_ci95_low,runtime_s_ci95_high
gpt2,Salesforce/wikitext:wikitext-2-raw-v1:test,512,0,2,1,0.5,32,5,32,20,12,8,1179648,30.927341318986464,"[618.7704569043677, 1138.0930470407434, 676.9369418003052, 879.450143281471, 742.0191118159325]",811.0539401685639,206.97749439082506,554.057436945055,1068.0504433920728,780.1265988495775,206.97749439082506,523.1300956260685,1037.1231020730866,3.5937294730709657,0.0760466721808296,3.499305058040826,3.6881538881011053,3.5937294661584827,0.07604667564650337,3.4993050468251403,3.688153885491825,2.4131387318070563,0.0571560885540095,2.3421700743713965,2.484107389242716,9.871740052600702,0.07797750160706694,9.77491819618533,9.968561909016072,1.2596381493947573,0.031664325207735086,1.2203216967568966,1.298954602032618,16.483625231848823,0.1281560933931459,16.324498424532113,16.642752039165533,0.9884390918014105,0.010785192753959595,0.9750475062451308,1.0018306773576904
gpt2,Salesforce/wikitext:wikitext-2-raw-v1:test,512,0,2,1,1.5,96,5,40,28,12,16,3538944,30.927341318986464,"[218.91244930013733, 216.78503707457477, 223.66653284614108, 228.52385999676684, 238.55726229722987]",225.28902830296997,8.69081825136514,214.49795216531768,236.08010444062225,194.3616869839835,8.69081825136514,183.57061084633122,205.1527631216358,2.071044411448141,0.055066043680834544,2.0026708874861328,2.1394179354101492,2.0710444015347296,0.055066045007416645,2.0026708759255523,2.139417927143907,0.9544023319354488,0.01736415844608124,0.9328418815338438,0.9759627823370537,9.849301580256887,0.06404051407910466,9.769784779498401,9.928818381015372,1.2324969166682826,0.014981408241697662,1.2138950414121734,1.2510987919243919,16.442730052603615,0.10281927970645531,16.315063054670865,16.570397050536364,1.9941179667977849,0.6595115837706983,1.1752261768313628,2.813009756764207
gpt2,Salesforce/wikitext:wikitext-2-raw-v1:test,512,0,2,1,2.0,128,5,44,32,12,20,4718592,30.927341318986464,"[164.27839185643572, 201.67159861382248, 166.21485355527525, 170.48918693902615, 184.70316076024525]",177.47143834496097,15.711974554474045,157.9624451999769,196.98043148994503,146.5440970259745,15.711974554474045,127.03510388099046,166.05309017095857,1.784050198809968,0.03498478916132693,1.7406108456235991,1.8274895519963368,1.7840501959539123,0.03498478826815076,1.7406108438765682,1.8274895480312565,0.7339911215472966,0.016004821596769508,0.7141185107729139,0.7538637323216794,9.853207921816242,0.03296436347386394,9.812277258467041,9.894138585165443,1.24074103012681,0.009683411910827725,1.2287174861773578,1.2527645740762623,16.444583768314786,0.057826851857484075,16.372782248233886,16.516385288395686,1.074394625198329,0.057555815377174406,1.0029296413572288,1.145859609039429
gpt2,Salesforce/wikitext:wikitext-2-raw-v1:test,512,0,2,1,3.0,192,5,52,40,12,28,7077888,30.927341318986464,"[112.6864716226765, 135.3959061781448, 117.63400184392351, 124.00383592430612, 122.08133464248264]",122.36031004230672,8.49451161295344,111.81298079017864,132.9076392944348,91.43296872332026,8.49451161295344,80.88563947119218,101.98029797544834,1.4400996768847107,0.02628289740893308,1.4074651494035555,1.472734204365866,1.440099672662715,0.02628289564318666,1.4074651473740236,1.4727341979514066,0.4999235795797884,0.007049386491053962,0.4911706101644227,0.508676548995154,9.83349485596021,0.022841582832546788,9.805133284895048,9.861856427025371,1.248828103683061,0.013388364000044447,1.2322042541093585,1.2654519532567636,16.41404400004281,0.03932615290705951,16.36521413179026,16.46287386829536,1.4447546331968624,0.6503129774595441,0.6372844215206506,2.252224844873074
gpt2,Salesforce/wikitext:wikitext-2-raw-v1:test,512,0,2,1,4.0,256,5,60,48,12,36,9437184,30.927341318986464,"[94.70636877096143, 112.90677745995042, 94.52157591497313, 97.90370318291697, 110.50691796320623]",102.10906865840164,8.904626590244211,91.05251440384745,113.16562291295583,71.18172733941518,8.904626590244211,60.125173084861,82.23828159396936,1.2430334420046874,0.01563400050718536,1.2236212664270159,1.2624456175823588,1.2430334414976338,0.01563399732268836,1.2236212698740376,1.26244561312123,0.37729553165522195,0.002316503616881653,0.3744192125124312,0.3801718507980127,9.819027752015327,0.033770627853534796,9.777095979212856,9.860959524817797,1.2488420327711436,0.012175404684664931,1.2337242711106338,1.2639597944316534,16.388753838671576,0.05600987180429405,16.319208397308177,16.458299280034975,1.0759978749993024,0.037420433872667816,1.029534269462446,1.1224614805361588
gpt2,Salesforce/wikitext:wikitext-2-raw-v1:test,512,0,2,2,0.0,0,5,32,12,20,0,0,30.927341318986464,"[250.98435964023503, 250.98435964023503, 250.98435964023503, 250.98435964023503, 250.98435964023503]",250.98435964023503,0.0,250.98435964023503,250.98435964023503,220.05701832124856,0.0,220.05701832124856,220.05701832124856,4.109909249469638,0.0,4.109909249469638,4.109909249469638,4.109909258782864,0.0,4.109909258782864,4.109909258782864,0.9692583258600078,0.0,0.9692583258600078,0.9692583258600078,10.22776167591413,0.0,10.22776167591413,10.22776167591413,1.2736805838843186,0.0,1.2736805838843186,1.2736805838843186,17.087706181738113,0.0,17.087706181738113,17.087706181738113,0.9480270249972819,0.01449090136397045,0.930034194472118,0.9660198555224457
gpt2,Salesforce/wikitext:wikitext-2-raw-v1:test,512,0,2,2,0.5,32,5,40,20,20,8,1179648,30.927341318986464,"[914.4834542558034, 837.5397707211768, 761.1006619492443, 945.356873386963, 888.0805958802181]",869.3122712386811,72.27501552239801,779.5709864949013,959.0535559824609,838.3849299196946,72.27501552239801,748.6436451759148,928.1262146634745,3.572655759793189,0.06739815278408512,3.4889698999357535,3.6563416196506244,3.5726557636840477,0.06739815328309642,3.488969903207008,3.6563416241610875,2.2981137543606263,0.06659536215153923,2.2154246907297184,2.380802817991534,9.841220833526718,0.09977871285712059,9.71732919798492,9.965112469068515,1.2526994069003397,0.035056275327849204,1.2091712919146305,1.2962275218860488,16.433296088377634,0.16722222548930948,16.225662271288048,16.64092990546722,1.7737027165974724,0.09711209159362555,1.6531221286754012,1.8942833045195435
gpt2,Salesforce/wikitext:wikitext-2-raw-v1:test,512,0,2,2,1.0,64,5,44,24,20,12,2359296,30.927341318986464,"[251.96668464952293, 322.2702969691587, 289.4459996766781, 344.3976244907411, 318.5157342847421]",305.3192680141686,35.66181728743229,261.0392733778433,349.59926265049387,274.3919266951821,35.66181728743229,230.11193205885684,318.6719213315074,2.4909930255264046,0.07955468252668274,2.3922128403444924,2.5897732107083167,2.490993020290302,0.07955467886840002,2.392212839650748,2.589773200929856,1.289007825906285,0.031821073080363645,1.2494967450781864,1.3285189067343834,9.799422933326827,0.12648603742132672,9.642369774385312,9.956476092268343,1.2478271935342087,0.013352563313923094,1.231247796383574,1.2644065906848434,16.357766787542236,0.2084641849541854,16.098924314169732,16.61660926091474,1.331305366597371,0.4666096916328936,0.751932911283847,1.910677821910895
gpt2,Salesforce/wikitext:wikitext-2-raw-v1:test,512,0,2,2,1.5,96,5,48,28,20,16,3538944,30.927341318986464,"[169.4931477924318, 168.83235663184237, 154.32526724792663, 183.6240801339607, 214.6782992455207]",178.19063021033645,22.87821782723109,149.78357079120008,206.59768962947282,147.26328889135,22.87821782723109,118.8562294722136,175.67034831048636,2.023404614937802,0.04887027918431181,1.9627241486924754,2.084085081183129,2.0234046095775233,0.04887028223464816,1.9627241395447037,2.084085079610343,0.8917007121128133,0.013355599685584843,0.8751175448088011,0.9082838794168255,9.766178572509023,0.045194159304696904,9.710062611971296,9.822294533046751,1.2459586039599446,0.010337561550121969,1.2331228259539426,1.2587943819659466,16.29885407288869,0.07375208776751271,16.207278760715408,16.390429385061974,1.4945822749999933,0.30317831382252897,1.1181366776904365,1.8710278723095501
gpt2,Salesforce/wikitext:wikitext-2-raw-v1:test,512,0,2,2,2.0,128,5,52,32,20,20,4718592,30.927341318986464,"[132.00139622598326, 121.84312723590362, 96.38584695321681, 132.7771122933207, 137.52808145246846]",124.10711283217857,16.516697705480816,103.59892392206832,144.6153017422888,93.17977151319211,16.516697705480816,72.67158260308186,113.68796042330236,1.7549179061005513,0.04824456575489547,1.6950143656937233,1.8148214465073793,1.754917906410992,0.04824456053933102,1.6950143724801428,1.8148214403418415,0.6903726978382717,0.019596000190538716,0.6660410498928857,0.7147043457836577,9.80535230487585,0.052491297597868594,9.740175750429577,9.870528859322123,1.2625047750150165,0.012222624554800476,1.2473283821417593,1.2776811678882736,16.362027611666257,0.08512143641504037,16.25633538859431,16.467719834738205,0.9991278750021593,0.024599579237057804,0.9685834630925437,1.0296722869117747
gpt2,Salesforce/wikitext:wikitext-2-raw-v1:test,512,0,2,2,3.0,192,5,60,40,20,28,7077888,30.927341318986464,"[79.59514710704988, 84.06922990995152, 75.43279953339746, 83.08979371463329, 86.06287424455252]",81.64996890191694,4.191513463084945,76.44551753681797,86.8544202670159,50.72262758293047,4.191513463084945,45.51817621783151,55.92707894802943,1.413444593983392,0.022599171658328397,1.3853840161460187,1.4415051718207652,1.413444595473508,0.022599172594767018,1.3853840164733926,1.4415051744736234,0.4613458042744444,0.005267345200682254,0.45480553137264584,0.4678860771762429,9.787517605887519,0.02563621377084043,9.755686042198011,9.819349169577027,1.266345774485833,0.01880562068227102,1.242995512320781,1.2896960366508852,16.33145486878024,0.045310021191443804,16.275195046708976,16.387714690851507,1.6730646832016647,0.05038570853536785,1.6105025628893104,1.735626803514019
gpt2,Salesforce/wikitext:wikitext-2-raw-v1:test,512,0,2,2,4.0,256,5,68,48,20,36,9437184,30.927341318986464,"[57.49843974122912, 68.54833127281584, 59.43961584590048, 62.3530444922685, 63.83170433047907]",62.3342271365386,4.2609123586466255,57.0436056613056,67.6248486117716,31.406885817552137,4.2609123586466255,26.116264342319138,36.69750729278514,1.2209894110759099,0.017718170971745027,1.198989396066275,1.2429894260855447,1.2209894108379054,0.01771816554246695,1.1989894025696097,1.242989419106201,0.34520205667294146,0.0043148172542787,0.3398445034294752,0.3505596099164077,9.779550214939647,0.028993471074911195,9.743550065722967,9.815550364156326,1.2687928986632162,0.014127646217886319,1.2512511089751073,1.2863346883513251,16.318970384862688,0.04900685992159083,16.258120331233034,16.37982043849234,1.0245598498004256,0.005536480846971458,1.0176854008559963,1.0314342987448548
gpt2,Salesforce/wikitext:wikitext-2-raw-v1:test,512,0,2,3,0.0,0,5,40,12,28,0,0,30.927341318986464,"[225.86147638489825, 225.86147638489825, 225.86147638489825, 225.86147638489825, 225.86147638489825]",225.86147638489825,0.0,225.86147638489825,225.86147638489825,194.9341350659118,0.0,194.9341350659118,194.9341350659118,4.067410697125727,0.0,4.067410697125727,4.067410697125727,4.0674107149243355,0.0,4.0674107149243355,4.0674107149243355,0.9470190520579409,0.0,0.9470190520579409,0.9470190520579409,10.108943021131886,0.0,10.108943021131886,10.108943021131886,1.2437698731405868,0.0,1.2437698731405868,1.2437698731405868,16.889312836858963,0.0,16.889312836858963,16.889312836858963,0.9553857334016357,0.00897534696333054,0.9442413682058807,0.9665300985973907
gpt2,Salesforce/wikitext:wikitext-2-raw-v1:test,512,0,2,3,0.5,32,5,48,20,28,8,1179648,30.927341318986464,"[895.045898320867, 816.5418161500581, 611.5615627259045, 914.4834542558034, 799.1860322364524]",807.3637527378171,120.05456955215021,658.2963159050623,956.4311895705719,776.4364114188306,120.05456955215021,627.3689745860759,925.5038482515854,3.530972462478611,0.11147865620178428,3.392553428504721,3.6693914964525014,3.530972463844551,0.1114786633519131,3.392553420992603,3.669391506696499,2.213469162459175,0.05847905848672328,2.1408578208873585,2.2860805040309913,9.77969623108705,0.13712688869142445,9.609430710213212,9.949961751960887,1.256851540816327,0.0447858206342771,1.2012425997047338,1.3124604819279202,16.328724402520393,0.22706765075621002,16.046782675419703,16.610666129621084,1.2825539084005868,0.2911495446355052,0.9210440007332601,1.6440638160679135
gpt2,Salesforce/wikitext:wikitext-2-raw-v1:test,512,0,2,3,1.0,64,5,52,24,28,12,2359296,30.927341318986464,"[308.1136628117644, 306.91244147925255, 266.1298573009712, 301.5646361154907, 322.2702969691587]",300.99817893532753,20.941778489501758,274.9955265265552,327.0008313440999,270.07083761634107,20.941778489501758,244.06818520756872,296.0734900251134,2.492240227282875,0.0696420405664373,2.405768212750084,2.578712241815666,2.4922402292490005,0.06964204679230009,2.4057682069857793,2.5787122515122216,1.2591234752132248,0.03409083205994164,1.2167941163755847,1.3014528340508649,9.802224979135726,0.09853991524385064,9.679871513991387,9.924578444280066,1.238491413845784,0.01477443626588248,1.2201465282406818,1.2568362994508864,16.363480510314307,0.1593793629797055,16.165584893245757,16.561376127382857,1.0539923418007675,0.10489687972741794,0.9237456627193223,1.1842390208822127
gpt2,Salesforce/wikitext:wikitext-2-raw-v1:test,512,0,2,3,1.5,96,5,56,28,28,16,3538944,30.927341318986464,"[167.51849280886478, 181.48479480200444, 146.9708657559963, 158.9133960662157, 181.13067824168084]",167.20364553495241,14.79954566064123,148.82758249836147,185.57970857154336,136.27630421596595,14.79954566064123,117.900241179375,154.6523672525569,2.0263114464365772,0.05195229274511404,1.9618041549108265,2.0908187379623278,2.0263114440358345,0.051952294403632304,1.9618041504507615,2.0908187376209075,0.8771977460839683,0.015025679706141564,0.8585409005443114,0.8958545916236251,9.800921150710847,0.0774853091493294,9.704710431950437,9.897131869471258,1.248819411628776,0.013374312989591335,1.2322130086888916,1.2654258145686605,16.356835927234755,0.12478782596675794,16.201891376317715,16.511780478151795,1.0423521747987252,0.035851345627960315,0.9978368496453269,1.0868674999521235
gpt2,Salesforce/wikitext:wikitext-2-raw-v1:test,512,0,2,3,2.0,128,5,60,32,28,20,4718592,30.927341318986464,"[118.0944083095676, 119.2533235714264, 97.71267162761835, 110.93942981123608, 132.25946338966435]",115.65185934190255,12.636955232501995,99.96100698279214,131.34271170101295,84.72451802291609,12.636955232501995,69.03366566380568,100.4153703820265,1.7527366450263395,0.04464833905471642,1.697298409842503,1.808174880210176,1.7527366416321861,0.04464834291742428,1.6972984016521644,1.8081748816122079,0.6734863627572647,0.01480974515290308,0.6550976353783322,0.6918750901361972,9.806875789496633,0.05406951091354756,9.739739624394796,9.87401195459847,1.2611844291289647,0.016616686666079423,1.2405520875262612,1.281816770731668,16.365731772449283,0.0919728043038807,16.251532452531315,16.479931092367252,1.1812762329980615,0.3405344637655863,0.7584468491927088,1.6041056168034142
gpt2,Salesforce/wikitext:wikitext-2-raw-v1:test,512,0,2,3,3.0,192,5,68,40,28,28,7077888,30.927341318986464,"[70.0369834479295, 79.75075829332496, 64.08153455750669, 62.903484680640425, 72.33079701870139]",69.8207115996206,6.814310512296774,61.35962756392024,78.28179563532095,38.89337028063413,6.814310512296774,30.432286244933778,47.35445431633448,1.4192842932211027,0.026635957166891676,1.3862113841492758,1.4523572022929296,1.41928428709507,0.02663595990040824,1.3862113746291338,1.452357199561006,0.4502601399487402,0.007146383281284639,0.4413867331110038,0.4591335467864766,9.817136328253481,0.01858303113010004,9.794062447521735,9.840210208985226,1.2704363818797801,0.011823112152411091,1.2557560491734059,1.2851167145861544,16.384965660505824,0.03205125740442137,16.345168768089593,16.424762552922054,1.0191430915991078,0.006533576599509037,1.0110305847559908,1.0272555984422247
gpt2,Salesforce/wikitext:wikitext-2-raw-v1:test,512,0,2,3,4.0,256,5,76,48,28,36,9437184,30.927341318986464,"[54.811841150452466, 64.4581144831523, 52.970044862619616, 53.80420169293983, 58.00602445116542]",56.810045328065925,4.68232974417547,50.9961650570046,62.62392559912725,25.88270400907946,4.68232974417547,20.06882373801814,31.696584280140783,1.223651883730458,0.01843281421707602,1.2007645219315362,1.2465392455293798,1.2236518833372327,0.018432813370416218,1.200764522589578,1.2465392440848875,0.3379682103430645,0.007911119298016564,0.3281452583252223,0.34779116236090674,9.795879167649481,0.016911434029374662,9.774880848857208,9.816877486441754,1.279653611489468,0.00894107288325067,1.2685518031850198,1.2907554197939164,16.35124876168039,0.029638714767685818,16.314447436600325,16.388050086760458,1.0460561747997417,0.011486126631783415,1.0317942648822467,1.0603180847172367
gpt2,Salesforce/wikitext:wikitext-2-raw-v1:test,512,0,2,4,0.0,0,5,48,12,36,0,0,30.927341318986464,"[209.70528179973508, 209.70528179973508, 209.70528179973508, 209.70528179973508, 209.70528179973508]",209.70528179973508,0.0,209.70528179973508,209.70528179973508,178.7779404807486,0.0,178.7779404807486,178.7779404807486,4.076897895377543,0.0,4.076897895377543,4.076897895377543,4.07689791214135,0.0,4.07689791214135,4.07689791214135,0.9501187501915006,0.0,0.9501187501915006,0.9501187501915006,10.15752916286389,0.0,10.15752916286389,10.15752916286389,1.2653393121436238,0.0,1.2653393121436238,1.2653393121436238,16.973756286833023,0.0,16.973756286833023,16.973756286833023,1.000143557996489,0.024261223556310624,0.970019270154245,1.030267845838733
gpt2,Salesforce/wikitext:wikitext-2-raw-v1:test,512,0,2,4,0.5,32,5,56,20,36,8,1179648,30.927341318986464,"[1054.621801869522, 1372.8022599962399, 616.358099510091, 1018.1894194620162, 912.6990968629584]",994.9341355401655,272.47484373083313,656.6119316633934,1333.2563394169374,964.006794221179,272.47484373083313,625.684590344407,1302.3289980979512,3.534118032621013,0.07871571066418362,3.436379568596272,3.631856496645754,3.5341180310895046,0.0787157050052135,3.436379574091303,3.6318564880877062,2.2281187495837607,0.05085870346225821,2.1649693284993536,2.2912681706681677,9.780307303203477,0.09729603206546233,9.659498323019713,9.90111628338724,1.2494806201300688,0.052888718592774976,1.18381060234229,1.3151506379178475,16.331726679205893,0.16170950749407,16.130937805583244,16.532515552828542,1.1030025917993043,0.13048468792305878,0.9409844524883887,1.2650207311102197
gpt2,Salesforce/wikitext:wikitext-2-raw-v1:test,512,0,2,4,1.0,64,5,60,24,36,12,2359296,30.927341318986464,"[253.94288385001556, 302.7449267296058, 244.21448474313812, 337.0773738522583, 316.65488817567297]",290.9269114701382,40.25334941917373,240.94577668923375,340.9080462510426,259.9995701511517,40.25334941917373,210.0184353702473,309.98070493205614,2.50381153103792,0.06273843317582403,2.425911477259787,2.5817115848160532,2.503811533893976,0.06273843261203667,2.425911480815877,2.581711586972075,1.2573274264526035,0.014626016233639192,1.2391668286581499,1.2754880242470572,9.794850267138745,0.10384383753372176,9.665911112637803,9.923789421639688,1.2410977424639795,0.01690707377302141,1.2201048376450438,1.2620906472829152,16.351311594910094,0.16747830688842422,16.143359810766615,16.559263379053572,1.0408000833980622,0.05153166921695152,0.9768150649640284,1.104785101832096
gpt2,Salesforce/wikitext:wikitext-2-raw-v1:test,512,0,2,4,1.5,96,5,64,28,36,16,3538944,30.927341318986464,"[162.68191865288586, 158.60332124553608, 135.66060972280735, 165.2437861001544, 185.06426164389595]",161.45077947305592,17.65460292168881,139.52969462261194,183.3718643234999,130.52343815406945,17.65460292168881,108.60235330362548,152.44452300451343,2.0277229299561847,0.05780525168540826,1.9559482300313058,2.0994976298810637,2.027722930514978,0.05780525027613053,1.9559482323399486,2.0994976286900076,0.8647633258279206,0.018649187956102525,0.8416073005470929,0.8879193511087483,9.783958898319138,0.10029202787343744,9.659429898001843,9.908487898636434,1.25007431368447,0.012906629722567784,1.234048616219811,1.2661000111491292,16.33066107928753,0.16523396271383936,16.125496016505213,16.535826142069848,1.0243612585967639,0.017896991055497222,1.002139209126978,1.0465833080665496
gpt2,Salesforce/wikitext:wikitext-2-raw-v1:test,512,0,2,4,2.0,128,5,68,32,36,20,4718592,30.927341318986464,"[103.81164226589308, 134.08011574678568, 95.63576634138816, 97.90370318291697, 112.46659565031442]",108.77956463745966,15.567884673595687,89.44948271006774,128.10964656485157,77.8522233184732,15.567884673595687,58.52214139108127,97.18230524586511,1.7491777999740508,0.028552191968448288,1.7137255711370258,1.7846300288110757,1.7491778030991554,0.028552191224937146,1.7137255751853215,1.7846300310129892,0.669837605032242,0.009005358097927891,0.6586559760911121,0.6810192339733718,9.806789479156334,0.041329856156527976,9.755471684715834,9.858107273596834,1.265534234729906,0.004577791344981289,1.259850156025554,1.2712183134342578,16.368327601088417,0.07133599029839995,16.27975227015868,16.456902932018153,1.022339091602771,0.010139625459165457,1.009749083714855,1.034929099490687
gpt2,Salesforce/wikitext:wikitext-2-raw-v1:test,512,0,2,4,3.0,192,5,76,40,36,28,7077888,30.927341318986464,"[67.41971617548266, 79.43983955226133, 62.53598727905141, 61.867809250367884, 65.0271378077889]",67.25809801299044,7.1545732494201815,58.374521986673685,76.1416740393072,36.33075669400397,7.1545732494201815,27.447180667687213,45.21433272032073,1.4167042155646616,0.027142050198607392,1.3830029089956115,1.4504055221337118,1.4167042137227124,0.027142048075360137,1.3830029097900218,1.450405517655403,0.4521428409123069,0.007904241677725698,0.44232842858797317,0.4619572532366406,9.803732600808143,0.024651418973812154,9.773123821363724,9.834341380252562,1.2715793249093823,0.003673833735213299,1.2670176578249814,1.2761409919937832,16.365928979052438,0.04186083846027698,16.31395188300169,16.417906075103186,1.0449246331991162,0.007746703677312051,1.0353058301382452,1.0545434362599873
gpt2,Salesforce/wikitext:wikitext-2-raw-v1:test,512,0,2,4,4.0,256,5,84,48,36,36,9437184,30.927341318986464,"[50.44574677513, 56.33128135834348, 53.96206231832688, 51.24015169478249, 55.18781507383253]",53.43341144408308,2.5244594661483966,50.29888101004192,56.56794187812424,22.506070125096613,2.5244594661483966,19.371539691055457,25.64060055913777,1.2207706601151989,0.012715423942941619,1.20498237598335,1.2365589442470477,1.2207706595564054,0.012715424850252578,1.2049823742979813,1.2365589448148295,0.33710240156958915,0.0048215711673309574,0.331115630236337,0.3430891729028413,9.779150032500427,0.033131534944364806,9.73801179835478,9.820288266646074,1.277535110960404,0.014155058095485484,1.259959284930757,1.295110936990051,16.324298027157784,0.05680948111262206,16.253759739703604,16.394836314611965,1.0516584166005487,0.016115025771180413,1.031648969270348,1.0716678639307493
gpt2,Salesforce/wikitext:wikitext-2-raw-v1:test,512,0,3,1,0.0,0,5,32,20,12,0,0,30.927341318986464,"[96.76309049197461, 96.76309049197461, 96.76309049197461, 96.76309049197461, 96.76309049197461]",96.76309049197461,0.0,96.76309049197461,96.76309049197461,65.83574917298814,0.0,65.83574917298814,65.83574917298814,1.6309867094581325,0.0,1.6309867094581325,1.6309867094581325,1.6309866965230968,0.0,1.6309866965230968,1.6309866965230968,0.36866370521925595,0.0,0.36866370521925595,0.36866370521925595,5.623477620797025,0.0,5.623477620797025,5.623477620797025,0.8038773142422239,0.0,0.8038773142422239,0.8038773142422239,16.60422774983777,0.0,16.60422774983777,16.60422774983777,1.0009811248019105,0.05694260301068359,0.9302775446795354,1.0716847049242855
gpt2,Salesforce/wikitext:wikitext-2-raw-v1:test,512,0,3,1,0.5,32,5,40,28,12,8,1179648,30.927341318986464,"[259.4577172438939, 270.8492789701163, 233.9431471639231, 274.57772580895397, 275.1145344862516]",262.7884807346278,17.31359020350868,241.29081909927768,284.28614236997794,231.8611394156413,17.31359020350868,210.3634777802912,253.35880105099142,2.017870853179031,0.03292746112758403,1.9769860101446557,2.0587556962134057,2.017870853158335,0.03292746044943436,1.976986010965994,2.058755695350676,1.0680638057050398,0.0242581621612709,1.0379433190868008,1.0981842923232787,5.52547455628713,0.030406972309815924,5.487719313475653,5.5632297990986075,0.7930566728322042,0.010562482962537142,0.7799416180059812,0.8061717276584272,16.323591783973907,0.08956778725961748,16.212378687134866,16.434804880812948,1.689991124998778,0.12765126507042082,1.5314911448356707,1.8484911051618853
gpt2,Salesforce/wikitext:wikitext-2-raw-v1:test,512,0,3,1,1.0,64,5,44,32,12,12,2359296,30.927341318986464,"[145.54258875480053, 127.94014021950323, 144.69229368037855, 143.006577399095, 170.82249902639472]",146.4008198160344,15.430421335102649,127.2414211671222,165.56021846494664,115.47347849704795,15.430421335102649,96.31407984813573,134.63287714596018,1.4340324530377984,0.015934464236807153,1.4142472024642896,1.4538177036113071,1.4340324601986343,0.015934469409501266,1.4142472032023774,1.4538177171948912,0.5866136032208387,0.015457240026616553,0.5674209047681947,0.6058063016734826,5.5372200758092935,0.011882775712639898,5.522465661008178,5.551974490610409,0.7946846413426102,0.004397364214535918,0.7892245925104313,0.8001446901747891,16.35019606583648,0.03505834793439671,16.30666537736984,16.393726754303124,0.9851910085999407,0.01295015278927194,0.9691112701102637,1.0012707470896176
gpt2,Salesforce/wikitext:wikitext-2-raw-v1:test,512,0,3,1,1.5,96,5,48,36,12,16,3538944,30.927341318986464,"[106.2734644175972, 97.90370318291697, 109.64694630494637, 111.15632012308374, 110.50691796320623]",107.0974703983501,5.472722417857456,100.30218799993384,113.89275279676636,76.17012907936363,5.472722417857456,69.37484668094737,82.9654114777799,1.1799128296785057,0.019112695133308124,1.1561812842228327,1.2036443751341788,1.1799128308374849,0.01911269454446959,1.1561812861129515,1.2036443755620183,0.4034165726580088,0.005201681774865564,0.39695783166804555,0.40987531364797203,5.551743557718065,0.021798336836640637,5.524677347647289,5.57880976778884,0.7950254804040823,0.008181263697276333,0.7848670998113628,0.8051838609968017,16.3948771327734,0.06418203844961365,16.315184606299184,16.474569659247614,1.0158281000010903,0.029598433364874388,0.9790767908886926,1.052579409113488
gpt2,Salesforce/wikitext:wikitext-2-raw-v1:test,512,0,3,1,2.0,128,5,52,40,12,20,4718592,30.927341318986464,"[96.76309049197461, 86.39971481048582, 92.51249810131188, 88.96839995507139, 94.70636877096143]",91.87001442596103,4.205455654623953,86.64825154357203,97.09177730835003,60.94267310697456,4.205455654623953,55.72091022458555,66.16443598936357,1.0220855266476672,0.01573419354716702,1.0025489449793799,1.0416221083159545,1.0220855325874356,0.01573419674500173,1.002548946948512,1.0416221182263592,0.30288554449992566,0.005151387688499601,0.2964892518663256,0.30928183713352575,5.547015341785219,0.015031899063413802,5.528350773893545,5.565679909676892,0.7962275649110476,0.002545552984039917,0.7930668434152451,0.7993882864068501,16.376661029458045,0.04546980423215679,16.3202028105376,16.43311924837849,1.025248475195258,0.02574475733473395,0.9932821368702265,1.0572148135202895
gpt2,Salesforce/wikitext:wikitext-2-raw-v1:test,512,0,3,1,3.0,192,5,60,48,12,28,7077888,30.927341318986464,"[72.04880596519355, 70.79338930910683, 73.46984133199462, 70.51739204023248, 76.99573263552006]",72.76503225640951,2.6385518795395586,69.48883738019236,76.04122713262666,41.83769093742304,2.6385518795395586,38.561496061205894,45.11388581364019,0.8254196552766694,0.012911239178876868,0.80938823441606,0.8414510761372788,0.825419658029245,0.012911240515889596,0.8093882355085151,0.8414510805499749,0.20335655707167463,0.0034485469308448945,0.19907462050152844,0.20763849364182083,5.548633620474074,0.00503425119451483,5.54238277200793,5.554884468940217,0.7983064884630342,0.0024034616678692187,0.7953221966389782,0.8012907802870902,16.38320438000891,0.014704411312000582,16.364946441868018,16.4014623181498,1.029739966802299,0.004714055319651752,1.0238866940263465,1.0355932395782517
gpt2,Salesforce/wikitext:wikitext-2-raw-v1:test,512,0,3,1,4.0,256,5,68,56,12,36,9437184,30.927341318986464,"[65.40927464158506, 63.83170433047907, 66.82975647038805, 63.396842825614996, 69.08596249832834]",65.7107081532791,2.3248710347260984,62.82399948899297,68.59741681756523,34.783366834292636,2.3248710347260984,31.896658170006507,37.67007549857877,0.7154459693365627,0.008570325630974136,0.7048045045476992,0.7260874341254262,0.7154459687984652,0.00857032526224362,0.7048045044674411,0.7260874331294893,0.15110684353114467,0.0018122436264931317,0.14885664586415392,0.15335704119813542,5.544850534945726,0.0039964348784516605,5.539888305635987,5.549812764255465,0.7997481146723859,0.0031492054930967388,0.7958378595886622,0.8036583697561097,16.372415451539887,0.012422264142289658,16.356991173378226,16.387839729701547,1.0320243665977613,0.024754298781683885,1.001287844999765,1.0627608881957575
gpt2,Salesforce/wikitext:wikitext-2-raw-v1:test,512,0,3,2,0.0,0,5,40,20,20,0,0,30.927341318986464,"[56.9952966774873, 56.9952966774873, 56.9952966774873, 56.9952966774873, 56.9952966774873]",56.9952966774873,0.0,56.9952966774873,56.9952966774873,26.06795535850084,0.0,26.06795535850084,26.06795535850084,1.6042933722751007,0.0,1.6042933722751007,1.6042933722751007,1.6042933721716206,0.0,1.6042933721716206,1.6042933721716206,0.3386205112070052,0.0,0.3386205112070052,0.3386205112070052,5.599748968250221,0.0,5.599748968250221,5.599748968250221,0.8062815411119826,0.0,0.8062815411119826,0.8062815411119826,16.545632928609848,0.0,16.545632928609848,16.545632928609848,0.9820554999983869,0.03492487875831018,0.9386905354025618,1.025420464594212
gpt2,Salesforce/wikitext:wikitext-2-raw-v1:test,512,0,3,2,0.5,32,5,48,28,20,8,1179648,30.927341318986464,"[223.66653284614108, 243.73796882667915, 181.83960367209863, 233.9431471639231, 228.07795992374852]",222.2530424865181,23.808791769874404,192.69052290513497,251.81556206790123,191.32570116753163,23.808791769874404,161.7631815861485,220.88822074891476,1.9995006826809711,0.03625456580642155,1.9544846935486282,2.044516671813314,1.999500681853129,0.03625457014197873,1.9544846873374808,2.044516676368777,0.9949483513728612,0.020740632002767566,0.9691954553150319,1.0207012474306905,5.513526974370082,0.045225790848057924,5.457371738083755,5.569682210656409,0.7891999740257032,0.008260355552243682,0.7789433879241197,0.7994565601272867,16.282823745409647,0.13481998986530147,16.115422617755705,16.45022487306359,1.125373608400696,0.11713764187166367,0.9799280156541654,1.2708192011472266
gpt2,Salesforce/wikitext:wikitext-2-raw-v1:test,512,0,3,2,1.0,64,5,52,32,20,12,2359296,30.927341318986464,"[84.72859305220648, 92.33198596722197, 91.79256012938836, 95.44916002730179, 97.14181052019671]",92.28882193926306,4.768239579218815,86.3682705189368,98.20937335958932,61.361480620276595,4.768239579218815,55.440929199950325,67.28203204060286,1.4157372271642088,0.019046497921959695,1.3920878764026487,1.4393865779257689,1.4157372287371093,0.01904650389556298,1.392087870558341,1.4393865869158775,0.5391454674316467,0.012392733489359351,0.5237578564185751,0.5545330784447183,5.539119231286976,0.021146440539633906,5.5128624573787555,5.565376005195196,0.800903384708282,0.0038423071885226407,0.7961325302022539,0.8056742392143101,16.351848385400242,0.05932253159015742,16.27818973364244,16.425507037158045,1.0591196252004011,0.1139472917423091,0.9176353753511549,1.2006038750496475
gpt2,Salesforce/wikitext:wikitext-2-raw-v1:test,512,0,3,2,1.5,96,5,56,36,20,16,3538944,30.927341318986464,"[67.68358948381629, 60.78979168757815, 66.6993569869802, 68.01488392669351, 73.75739416067401]",67.38900324914843,4.61140205565149,61.66319133540314,73.11481516289372,36.46166193016197,4.61140205565149,30.735850016416688,42.187473843907256,1.1585767934098838,0.01889067384146537,1.1351209237991267,1.182032663020641,1.158576799566961,0.01889067627345504,1.1351209269364897,1.1820326721974321,0.3707994056063601,0.005190903848009396,0.36435404718014947,0.37724476403257073,5.538480532831616,0.01649486270482856,5.517999455655716,5.558961610007516,0.8022154482081533,0.005319554855665142,0.7956103484574039,0.8088205479589027,16.34867201248805,0.047746596793678125,16.28938678221259,16.40795724276351,1.4930770917984773,0.3265035187660848,1.0876694272597827,1.8984847563371718
gpt2,Salesforce/wikitext:wikitext-2-raw-v1:test,512,0,3,2,2.0,128,5,60,40,20,20,4718592,30.927341318986464,"[54.86539448390852, 54.811841150452466, 52.609179777419676, 57.27427456863335, 52.609179777419676]",54.433973951566735,1.9401006705214368,52.02502079608929,56.84292710704418,23.506632632580274,1.9401006705214368,21.097679477102822,25.915585788057726,1.0070494680354993,0.012319490485026095,0.9917528002240286,1.02234613584697,1.0070494698671002,0.012319492744424777,0.9917527992502154,1.0223461404839849,0.28003345009702674,0.0036225252309415664,0.2755354909351818,0.28453140925887166,5.5435483869579105,0.01259749398088076,5.527906532214263,5.559190241701558,0.8068120272105767,0.004066498668533566,0.801762802215115,0.8118612522060383,16.365211808350352,0.03519696600310883,16.321509002818292,16.408914613882413,0.9853648002012051,0.019641232657863068,0.9609769887295925,1.0097526116728177
gpt2,Salesforce/wikitext:wikitext-2-raw-v1:test,512,0,3,2,3.0,192,5,68,48,20,28,7077888,30.927341318986464,"[42.68750480955783, 45.04298191193784, 44.21492934326177, 43.571970383241556, 47.250760544967605]",44.55362939859332,1.737438879123862,42.39631409330572,46.71094470388093,13.626288079606855,1.737438879123862,11.468972774319255,15.783603384894455,0.815556214708421,0.01285261882458343,0.7995975806312998,0.8315148487855422,0.8155562163123654,0.012852615404360382,0.799597586482012,0.8315148461427189,0.18279804685929169,0.002860016759741861,0.17924686701446083,0.18634922670412254,5.538452217396762,0.010839110092280854,5.52499368462261,5.551910750170914,0.8097417196879785,0.0017339492379370909,0.8075887373445192,0.8118947020314378,16.354045054316522,0.029795271683487917,16.317049338150436,16.391040770482608,1.0132308751999517,0.01206689755177613,0.9982478429398981,1.0282139074600052
gpt2,Salesforce/wikitext:wikitext-2-raw-v1:test,512,0,3,2,4.0,256,5,76,56,20,36,9437184,30.927341318986464,"[39.05766182321608, 40.25815129472595, 39.78912962559818, 40.57389988868238, 42.27266353442275]",40.39030123332907,1.1970583741433707,38.903956946406915,41.87664552025122,9.462959914342601,1.1970583741433707,7.976615627420446,10.949304201264756,0.7050617776811123,0.00875130658070459,0.6941955953626078,0.7159279599996169,0.7050617774431076,0.00875130736154256,0.6941955941550646,0.7159279607311506,0.1365857404229852,0.0022953973901633094,0.13373562812204856,0.13943585272392187,5.53909411471751,0.006106788412099389,5.531511535401558,5.5466766940334615,0.8117946766627332,0.002173932419357723,0.8090953830430887,0.8144939702823777,16.355239935384855,0.018762383931142594,16.331943358737078,16.378536512032632,1.0327904920006403,0.009869330973651667,1.0205360990442998,1.045044884956981
gpt2,Salesforce/wikitext:wikitext-2-raw-v1:test,512,0,3,3,0.0,0,5,48,20,28,0,0,30.927341318986464,"[56.773093073800744, 56.773093073800744, 56.773093073800744, 56.773093073800744, 56.773093073800744]",56.773093073800744,0.0,56.773093073800744,56.773093073800744,25.84575175481428,0.0,25.84575175481428,25.84575175481428,1.5931299306038353,0.0,1.5931299306038353,1.5931299306038353,1.5931299299829536,0.0,1.5931299299829536,1.5931299299829536,0.3313259155644725,0.0,0.3313259155644725,0.3313259155644725,5.598319402171506,0.0,5.598319402171506,5.598319402171506,0.806081576531546,0.0,0.806081576531546,0.806081576531546,16.546013340353966,0.0,16.546013340353966,16.546013340353966,0.9786074750008993,0.012618010443640882,0.9629401457040713,0.9942748042977273
gpt2,Salesforce/wikitext:wikitext-2-raw-v1:test,512,0,3,3,0.5,32,5,56,28,28,8,1179648,30.927341318986464,"[224.54193890439277, 208.887718385833, 186.88038317169537, 196.99988106365217, 195.46681582649015]",202.5553474704127,14.580158760493878,184.45168924941223,220.65900569141317,171.62800615142623,14.580158760493878,153.52434793042576,189.7316643724267,1.9969634639927083,0.01869912128059768,1.9737454383005444,2.020181489684872,1.9969634655656086,0.01869911530413495,1.973745447294203,2.020181483837014,0.9743669339455664,0.01856293292363347,0.9513180084332193,0.9974158594579134,5.512930915670262,0.02034659616455056,5.4876672797267485,5.538194551613776,0.788581771362159,0.0053055606740991315,0.7819940476828444,0.7951694950414736,16.288281173176237,0.0595589184946,16.21432900830954,16.362233338042934,1.7389265665973652,0.2966421916802034,1.3705966368397964,2.107256496354934
gpt2,Salesforce/wikitext:wikitext-2-raw-v1:test,512,0,3,3,1.0,64,5,60,32,28,12,2359296,30.927341318986464,"[87.41816730828832, 78.97573275807781, 81.641993024771, 95.26291782298092, 95.26291782298092]",87.71234574741979,7.538010463534884,78.35266953676526,97.07202195807432,56.78500442843333,7.538010463534884,47.4253282177788,66.14468063908787,1.4176543743867014,0.016799872025394316,1.3967945781183386,1.4385141706550642,1.417654370702803,0.01679987354420308,1.3967945725485902,1.438514168857016,0.528689113232152,0.012216484877041014,0.5135203437757294,0.5438578826885745,5.543799597024917,0.01950188799404299,5.519584804805712,5.568014389244123,0.7982215819880366,0.006734747950970217,0.7898592879203403,0.8065838760557329,16.3714539769623,0.05997367518678837,16.2969868236429,16.4459211302817,1.0012299748006626,0.008726470490576678,0.990394630561126,1.0120653190401991
gpt2,Salesforce/wikitext:wikitext-2-raw-v1:test,512,0,3,3,1.5,96,5,64,36,28,16,3538944,30.927341318986464,"[55.51213039244272, 56.88408637782515, 62.10995300937982, 58.06269862785229, 62.84208548133934]",59.08219077776786,3.2373025292971755,55.06254877584557,63.101832779690156,28.1548494587814,3.2373025292971755,24.13520745685911,32.17449146070369,1.1625488403563697,0.010989054867899228,1.1489041265526134,1.176193554160126,1.162548847372333,0.010989057180573173,1.148904130697013,1.1761935640476533,0.35748724945329335,0.0028457167214331097,0.3539538254512034,0.3610206734553833,5.547216891331805,0.021110449590779286,5.5210048060890395,5.573428976574571,0.8068705965040459,0.0029157910507805066,0.803250163730007,0.8104910292780848,16.382405781414775,0.06067104251321969,16.30707273219262,16.45773883063693,1.0174416085996199,0.004088952548917452,1.0123645034292654,1.0225187137699743
gpt2,Salesforce/wikitext:wikitext-2-raw-v1:test,512,0,3,3,2.0,128,5,68,40,28,20,4718592,30.927341318986464,"[51.39048944047805, 47.15856396830611, 46.60915005647103, 50.05317485921781, 49.71218131735948]",48.984711928366494,2.0271100588980766,46.46772234783604,51.50170150889695,18.057370609380033,2.0271100588980766,15.54038102884958,20.574360189910486,1.0072802885952923,0.013333804936018087,0.990724183047167,1.0238363941434176,1.0072802951973345,0.013333811284676214,0.9907241817663089,1.02383640862836,0.27106931351332203,0.004741408547531959,0.265182077219076,0.27695654980756806,5.550850132273303,0.014507745941995108,5.532836386442041,5.568863878104565,0.8101283458578917,0.0021749902807267074,0.8074277387298703,0.8128289529859132,16.393542601333724,0.04089068466305668,16.342770110325702,16.444315092341746,1.0268287583981874,0.012941469128850079,1.0107598020970288,1.0428977146993461
gpt2,Salesforce/wikitext:wikitext-2-raw-v1:test,512,0,3,3,3.0,192,5,76,48,28,28,7077888,30.927341318986464,"[40.69294303046845, 41.17261856600951, 42.47957777495547, 41.73939105336048, 43.82802432265571]",41.98251094948992,1.2279060849669146,40.457864170611174,43.50715772836867,11.05516963050346,1.2279060849669146,9.53052285162471,12.579816409382211,0.8155896058202617,0.010016302884177217,0.8031527231338743,0.8280264885066492,0.8155896069378489,0.010016304008443739,0.8031527228555002,0.8280264910201975,0.1774240913251156,0.0027832278212984564,0.1739682575406102,0.180879925109621,5.546386885394653,0.01641172308542933,5.526009039690986,5.56676473109832,0.8182598342912064,0.003268445789313018,0.8142015228245357,0.8223181457578771,16.385089343455103,0.04747009848715967,16.32614743117241,16.444031255737798,1.0228429165974375,0.010275494744300692,1.0100842047097074,1.0356016284851677
gpt2,Salesforce/wikitext:wikitext-2-raw-v1:test,512,0,3,3,4.0,256,5,84,56,28,36,9437184,30.927341318986464,"[38.078447417777376, 37.08754689283638, 37.9670527218579, 35.806340977539655, 38.829477497577415]",37.55377310151774,1.1558969238678851,36.118537505516514,38.98900869751897,6.62643178253128,1.1558969238678851,5.19119618653005,8.06166737853251,0.7060675571517399,0.008066936940106897,0.6960511319774291,0.7160839823260506,0.7060675588746865,0.008066934659456798,0.6960511365321769,0.7160839812171962,0.1311833632763915,0.0017527443165025079,0.12900704376053407,0.1333596827922489,5.54158934743868,0.019614047064645892,5.517235291339435,5.565943403537925,0.817632362857047,0.0011166896993548986,0.816245809460193,0.819018916253901,16.36955289973153,0.05756740508735111,16.298073525364554,16.441032274098507,1.059423099597916,0.019989327772478638,1.0346030709545346,1.0842431282412972
gpt2,Salesforce/wikitext:wikitext-2-raw-v1:test,512,0,3,4,0.0,0,5,56,20,36,0,0,30.927341318986464,"[49.51837188956857, 49.51837188956857, 49.51837188956857, 49.51837188956857, 49.51837188956857]",49.51837188956857,0.0,49.51837188956857,49.51837188956857,18.591030570582106,0.0,18.591030570582106,18.591030570582106,1.5900718317263656,0.0,1.5900718317263656,1.5900718317263656,1.5900718382456236,0.0,1.5900718382456236,1.5900718382456236,0.3265684263379727,0.0,0.3265684263379727,0.3265684263379727,5.594117274714841,0.0,5.594117274714841,5.594117274714841,0.8124869009997282,0.0,0.8124869009997282,0.8124869009997282,16.53286051750183,0.0,16.53286051750183,16.53286051750183,1.0087614749994827,0.030268877615036882,0.9711776993988556,1.0463452506001099
gpt2,Salesforce/wikitext:wikitext-2-raw-v1:test,512,0,3,4,0.5,32,5,64,28,36,8,1179648,30.927341318986464,"[216.78503707457477, 209.29610089202527, 182.19510620545222, 208.0733423496165, 182.5513037582002]",199.78017805597378,16.23702138033652,179.61925316994513,219.94110294200243,168.8528367369873,16.23702138033652,148.69191185095866,189.01376162301597,1.9989021481325229,0.03156344440789887,1.959710955551929,2.0380933407131168,1.998902143537998,0.03156344399793105,1.9597109514664464,2.03809333560955,0.966522318435212,0.0235971917741478,0.9372225349505426,0.9958221019198813,5.518227326952749,0.047755855343192564,5.45893060066968,5.577524053235818,0.7924613851329518,0.010821098731620177,0.7790252164168906,0.8058975538490131,16.305797929896247,0.14039487944724524,16.131474662554446,16.48012119723805,1.0249794500006828,0.012966322894214859,1.008879633673851,1.0410792663275146
gpt2,Salesforce/wikitext:wikitext-2-raw-v1:test,512,0,3,4,1.0,64,5,68,32,36,12,2359296,30.927341318986464,"[80.37625124290746, 69.28865955361954, 75.65411810210324, 82.28231911219243, 73.18340956555208]",76.15695151527495,5.281828424600477,69.59869531575924,82.71520771479067,45.22961019628848,5.281828424600477,38.671353996772766,51.7878663958042,1.4150253325079878,0.01351943040228712,1.3982387425012464,1.4318119225147292,1.4150253315766652,0.013519433723541025,1.3982387374460425,1.4318119257072879,0.5184650056866101,0.00735112949340406,0.5093373728485164,0.5275926385247038,5.536982893364297,0.02460997205630071,5.506425577065188,5.567540209663407,0.8012655479419563,0.004729547837803181,0.7953930386639736,0.8071380572199389,16.35732748442226,0.07123922369633238,16.26887230509854,16.44578266374598,1.024403574799362,0.04541628243466354,0.9680118119679864,1.0807953376307378
gpt2,Salesforce/wikitext:wikitext-2-raw-v1:test,512,0,3,4,1.5,96,5,72,36,36,16,3538944,30.927341318986464,"[55.34973519767378, 51.290215346585704, 50.29817277977263, 51.290215346585704, 55.29570910611593]",52.70480955534675,2.423966081450057,49.69505813914316,55.71456097155034,21.777468236360285,2.423966081450057,18.767716820156696,24.787219652563873,1.158894968405366,0.012544424897963894,1.1433190076313933,1.1744709291793387,1.1588949697299136,0.012544424646729212,1.14331900926789,1.1744709301919372,0.35090611615709755,0.0037186059642421664,0.3462888570077923,0.3555233753064028,5.541129498846001,0.02021285900988546,5.516031919512657,5.566227078179344,0.8082131720768909,0.0035905373008718517,0.8037549311761906,0.8126714129775913,16.370453498098588,0.058287840436032703,16.29807958509612,16.442827411101057,1.0237947250017896,0.012369050164494147,1.0084365207205608,1.0391529292830184
gpt2,Salesforce/wikitext:wikitext-2-raw-v1:test,512,0,3,4,2.0,128,5,76,40,36,20,4718592,30.927341318986464,"[48.51320056460971, 45.84175295940322, 47.99485175252902, 46.74590052102887, 48.94146538270724]",47.60743423605562,1.2854974510960775,46.01127833124691,49.20359014086432,16.68009291706915,1.2854974510960775,15.083937012260446,18.276248821877854,1.0064328798610302,0.009572308666497883,0.994547288810146,1.0183184709119146,1.006432882654998,0.009572310889716912,0.9945472888436226,1.0183184764663733,0.2685463517567971,0.0048397250080462716,0.2625370394530996,0.2745556640604946,5.545571081009176,0.015204944083370335,5.526691649346154,5.564450512672198,0.8122882005551623,0.003663961679577143,0.8077387912468331,0.8168376098634914,16.383767873048782,0.0434903995181662,16.329767409699578,16.437768336397987,1.036308458399435,0.008801831547118957,1.0253795410491233,1.0472373757497468
gpt2,Salesforce/wikitext:wikitext-2-raw-v1:test,512,0,3,4,3.0,192,5,84,48,36,28,7077888,30.927341318986464,"[37.45150421083523, 38.26483200699776, 38.41459632502361, 39.28718709109304, 40.1011996370117]",38.70386385419227,1.0170598103415212,37.44101730367126,39.96671040471328,7.776522535205804,1.0170598103415212,6.513675984684789,9.039369085726818,0.8138168999407854,0.009028805066495128,0.8026061577429187,0.8250276421386522,0.8138168993405998,0.009028801656715152,0.8026061613765341,0.8250276373046654,0.17468173961970024,0.0028507684788160324,0.17114204303234026,0.1782214362070602,5.539773467762603,0.020629149725137803,5.514158995235344,5.565387940289862,0.8185854663141072,0.003289312821417723,0.8145012450049228,0.8226696876232916,16.36856090823809,0.060332187281164844,16.293648603358182,16.443473213118,1.0404002084003878,0.009738324318643757,1.0283084816910957,1.05249193510968
gpt2,Salesforce/wikitext:wikitext-2-raw-v1:test,512,0,3,4,4.0,256,5,92,56,36,36,9437184,30.927341318986464,"[36.54823198418204, 35.01106178304578, 38.0412795852805, 37.160054292819765, 37.34194357466955]",36.820514243999526,1.1429894845941897,35.401305350653445,38.23972313734561,5.893172925013063,1.1429894845941897,4.473964031666982,7.312381818359144,0.7053785240174167,0.007906352029548576,0.6955614913452011,0.7151955566896324,0.705378525186744,0.007906351430081887,0.6955614932588645,0.7151955571146236,0.12950559941107512,0.0024211899510288002,0.12649929501606993,0.1325119038060803,5.540795815653271,0.02186085498335117,5.513651979050491,5.567939652256052,0.8210200025389592,0.000679377636458586,0.8201764437865838,0.8218635612913346,16.36943227946758,0.06487159970980935,16.288883549602026,16.449981009333136,1.043500633398071,0.02235298603832804,1.0157457353819277,1.0712555314142143
gpt2,Salesforce/wikitext:wikitext-2-raw-v1:test,512,0,4,1,0.0,0,5,40,28,12,0,0,30.927341318986464,"[63.27314170816725, 63.27314170816725, 63.27314170816725, 63.27314170816725, 63.27314170816725]",63.27314170816725,0.0,63.27314170816725,63.27314170816725,32.34580038918079,0.0,32.34580038918079,32.34580038918079,0.7454075052195953,0.0,0.7454075052195953,0.7454075052195953,0.7454074996834,0.0,0.7454074996834,0.7454074996834,0.12574846794531266,0.0,0.12574846794531266,0.12574846794531266,3.0011294668333397,0.0,3.0011294668333397,3.0011294668333397,0.48645777012118036,0.0,0.48645777012118036,0.48645777012118036,16.411573679910767,0.0,16.411573679910767,16.411573679910767,0.9905480580026051,0.03268031628189966,0.949970085825458,1.0311260301797522
gpt2,Salesforce/wikitext:wikitext-2-raw-v1:test,512,0,4,1,0.5,32,5,48,36,12,8,1179648,30.927341318986464,"[107.94702796574303, 103.00377365647438, 106.68940699693049, 100.6176938096727, 111.15632012308374]",105.88284451038086,4.145232270417832,100.73585883601059,111.02983018475113,74.9555031913944,4.145232270417832,69.80851751702413,80.10248886576467,1.0914747898156443,0.006742442207036915,1.083102942067197,1.0998466375640916,1.0914747897742523,0.006742443379939098,1.0831029405694546,1.09984663897905,0.3888867783502469,0.004427088638753516,0.38338982177064973,0.394383734929844,2.987163104861975,0.010260069275525406,2.9744235462234783,2.9999026635004715,0.4818097185343504,0.0029763198004274126,0.47811412939101866,0.48550530767768213,16.33326117495696,0.05864272220858549,16.260446618033896,16.406075731880023,1.8974177080061054,0.922171968627847,0.7523899744082168,3.042445441603994
gpt2,Salesforce/wikitext:wikitext-2-raw-v1:test,512,0,4,1,1.0,64,5,52,40,12,12,2359296,30.927341318986464,"[74.481209716307, 72.75585435153955, 75.35917064755904, 74.33588057277046, 79.75075829332496]",75.3365747163002,2.6400133939519597,72.05856513025432,78.61458430234609,44.40923339731374,2.6400133939519597,41.131223811267866,47.68724298335962,0.7707613175941839,0.007986119560988818,0.7608452404499532,0.7806773947384146,0.7707613176148799,0.007986119208191653,0.7608452409087048,0.780677394321055,0.19912605457712845,0.005023244341341842,0.1928888729243035,0.2053632362299534,2.990090539968676,0.006093916445305242,2.9825239433104787,2.997657136626873,0.4836757040116936,0.0016074680842786291,0.48167976876318325,0.4856716392602039,16.351596018340853,0.028734196290410168,16.315917801289732,16.387274235391974,1.026016199795413,0.017431413868385846,1.0043722407572484,1.0476601588335774
gpt2,Salesforce/wikitext:wikitext-2-raw-v1:test,512,0,4,1,1.5,96,5,56,44,12,16,3538944,30.927341318986464,"[64.08153455750669, 64.90025562797156, 65.0271378077889, 62.3530444922685, 63.83170433047907]",64.03873536320295,1.0730102388800828,62.70641717988153,65.37105354652437,33.11139404421648,1.0730102388800828,31.779075860895063,34.4437122275379,0.6340602298836328,0.006094976584935644,0.6264923168882233,0.6416281428790422,0.6340602327345146,0.006094976770181054,0.6264923195090926,0.6416281459599367,0.13480334433584681,0.002001540537958701,0.1323181035089181,0.13728858516277553,2.992043221410778,0.002691972077314469,2.988700696598207,2.995385746223349,0.4840411792560998,0.0022755937658268657,0.48121565640253566,0.48686670210966393,16.361620538433392,0.02024305639296988,16.336485464096633,16.386755612770152,0.98537672519451,0.009314754774536799,0.973810929538871,0.996942520850149
gpt2,Salesforce/wikitext:wikitext-2-raw-v1:test,512,0,4,1,2.0,128,5,60,48,12,20,4718592,30.927341318986464,"[60.78979168757815, 59.9058065308938, 59.265731184583274, 59.265731184583274, 57.38624769931535]",59.32266165739077,1.249870957686031,57.770741886831566,60.87458142794997,28.395320338404304,1.249870957686031,26.843400567845098,29.94724010896351,0.5490822087869875,0.0041824486702573506,0.5438890128487938,0.5542754047251813,0.5490822089215119,0.004182451150179748,0.5438890099040878,0.554275407938936,0.10096298318482393,0.0012464937083393377,0.09941525682319147,0.10251070954645639,2.989756832809912,0.001636238685546855,2.9877251741416004,2.9917884914782236,0.484883049570231,0.0020707482819784266,0.4823118759791561,0.4874542231613059,16.349890231755044,0.008139508753029278,16.339783696773342,16.359996766736746,1.031466283404734,0.004392437085704668,1.0260123524110394,1.0369202143984284
gpt2,Salesforce/wikitext:wikitext-2-raw-v1:test,512,0,4,1,3.0,192,5,68,56,12,28,7077888,30.927341318986464,"[52.55782870314104, 56.05689670315115, 54.49161709130268, 55.457945789238345, 54.758340089645706]",54.664525675295785,1.3271287815867687,53.01667764621947,56.3123737043721,23.73718435630932,1.3271287815867687,22.089336327233003,25.38503238538564,0.4444478964691775,0.0025427807699907397,0.44129061713175516,0.4476051758065998,0.444447896660616,0.0025427781320102394,0.4412906205986791,0.44760517272255296,0.06668120658060717,0.0008471606401103341,0.06562931771308692,0.06773309544812742,2.991452228319314,0.004412744962684125,2.985973081765894,2.9969313748727338,0.4845627950918343,0.000893987880023317,0.48345276252637887,0.48567282765728975,16.358473939034674,0.023593818258434276,16.329178344323015,16.387769533746333,1.0329950750019634,0.036957123151041486,0.9871067457081324,1.0788834042957944
gpt2,Salesforce/wikitext:wikitext-2-raw-v1:test,512,0,4,1,4.0,256,5,76,64,12,36,9437184,30.927341318986464,"[49.47003770903551, 53.75168417471723, 52.301824199806006, 52.04706667160949, 52.866688710345805]",52.08746029310281,1.6027571998835888,50.09737438014548,54.077546206060134,21.160118974116344,1.6027571998835888,19.170033061159018,23.15020488707367,0.3856686085617791,0.004232879226008702,0.3804127948180995,0.3909244223054587,0.38566860838068856,0.004232880431230671,0.3804127931405282,0.3909244236208489,0.04948148995099473,0.0008119119087714647,0.048473368164160306,0.050489611737829156,2.991684706716074,0.004843107745467501,2.985671194189105,2.9976982192430426,0.4849122435061468,0.0011386782101685566,0.4834983877670414,0.4863260992452522,16.358755588531494,0.023804688676995762,16.32919816361282,16.38831301345017,1.0303413665969856,0.01072158114337697,1.0170287652874341,1.043653967906537
gpt2,Salesforce/wikitext:wikitext-2-raw-v1:test,512,0,4,2,0.0,0,5,48,28,20,0,0,30.927341318986464,"[39.90587026459418, 39.90587026459418, 39.90587026459418, 39.90587026459418, 39.90587026459418]",39.90587026459418,0.0,39.90587026459418,39.90587026459418,8.978528945607714,0.0,8.978528945607714,8.978528945607714,0.7330415141251352,0.0,0.7330415141251352,0.7330415141251352,0.7330415100376639,0.0,0.7330415100376639,0.7330415100376639,0.11325846029568412,0.0,0.11325846029568412,0.11325846029568412,2.991440931128131,0.0,2.991440931128131,2.991440931128131,0.49232785458055633,0.0,0.49232785458055633,0.49232785458055633,16.369360903898876,0.0,16.369360903898876,16.369360903898876,1.0033583419950447,0.019014393035438587,0.9797488547152442,1.0269678292748452
gpt2,Salesforce/wikitext:wikitext-2-raw-v1:test,512,0,4,2,0.5,32,5,56,36,20,8,1179648,30.927341318986464,"[58.51809001725923, 60.908637772317434, 63.83170433047907, 61.206770500960836, 60.84918571479269]",61.06287766716185,1.8862995929783342,58.72072737273424,63.40502796158946,30.13553634817539,1.8862995929783342,27.793386053747778,32.477686642603004,1.0718758132515682,0.009090165931028986,1.0605888814773112,1.0831627450258252,1.0718758152280417,0.009090161369430543,1.060588889117757,1.0831627413383262,0.34996737515838405,0.004710636040867292,0.344118347977798,0.3558164023389701,2.980810536982285,0.01453391284718154,2.962764300646908,2.9988567733176614,0.48462595691283544,0.003086276354982561,0.48079383867434605,0.48845807515132483,16.3058259387811,0.08077594430962647,16.205529356810924,16.40612252075128,2.1425212247981107,0.28934635135069486,1.7832502773143357,2.5017921722818857
gpt2,Salesforce/wikitext:wikitext-2-raw-v1:test,512,0,4,2,1.0,64,5,60,40,20,12,2359296,30.927341318986464,"[44.5617113320772, 46.56365552611074, 46.70027251047952, 42.72921218758949, 45.263456176258764]",45.16366154650314,1.629417312065922,43.14047273206094,47.18685036094534,14.23632022751668,1.629417312065922,12.213131413074477,16.259509041958882,0.7584809866112967,0.007903666548419949,0.7486672884043163,0.7682946848182771,0.7584809846348233,0.007903664993868595,0.7486672883580733,0.7682946809115733,0.17872992351670594,0.00408808878149782,0.1736538908552594,0.18380595617815249,2.9828139272414975,0.008835676341150909,2.9718429860289097,2.9937848684540853,0.487154360798498,0.002478794697136848,0.48407653066412476,0.49023219093287124,16.32179915772544,0.04593023198181116,16.26476924224448,16.3788290732064,1.0118477081996389,0.022346638966744523,0.9841006911137749,1.039594725285503
gpt2,Salesforce/wikitext:wikitext-2-raw-v1:test,512,0,4,2,1.5,96,5,64,44,20,16,3538944,30.927341318986464,"[40.33685733281881, 41.943695056893915, 42.10785803778799, 38.152892061572366, 39.634006510082365]",40.43506179983109,1.653318932241918,38.382195204117615,42.487928395544564,9.507720480844625,1.653318932241918,7.454853885131147,11.560587076558104,0.6228820722394933,0.0034082775729508703,0.6186501366812749,0.6271140077977118,0.6228820736364772,0.0034082800827696653,0.6186501349619071,0.6271140123110472,0.12023712901152774,0.0005516800922287944,0.11955212770248151,0.12092213032057396,2.9847037834011845,0.002629384922483502,2.981438970805517,2.987968595996852,0.48993257864688833,0.002703077294117881,0.4865762648864201,0.49328889240735657,16.330905870927705,0.0117503803627851,16.316315846666033,16.345495895189377,0.9974871331985924,0.012831044619111357,0.9815552870356957,1.0134189793614892
gpt2,Salesforce/wikitext:wikitext-2-raw-v1:test,512,0,4,2,2.0,128,5,68,48,20,20,4718592,30.927341318986464,"[38.115651564714454, 38.227482247146646, 37.305494633128845, 38.33964103892552, 37.232703447205715]",37.84419458622423,0.5315506942531076,37.184187225949934,38.50420194649853,6.916853267237772,0.5315506942531076,6.256845906963472,7.5768606275120725,0.5401095506890367,0.0030449687152777336,0.5363287226596195,0.5438903787184538,0.5401095503320297,0.0030449679383364693,0.5363287232673125,0.5438903773967468,0.09005946337064315,0.0012052786102284697,0.0885629123125174,0.0915560144287689,2.9847310420539643,0.0041293990636659325,2.979603715902394,2.989858368205535,0.49071430324369836,0.0006108979623087259,0.4899557732373236,0.4914728332500731,16.33096302913295,0.01864759845161162,16.307808977482622,16.354117080783276,1.0271592831995804,0.020567572626689713,1.0016212687385786,1.0526972976605822
gpt2,Salesforce/wikitext:wikitext-2-raw-v1:test,512,0,4,2,3.0,192,5,76,56,20,28,7077888,30.927341318986464,"[36.798929313140206, 35.42376110042053, 36.87087245606033, 37.26908126888307, 37.41494832871136]",36.7555184934431,0.7885688336772007,35.77638096256059,37.73465602432561,5.828177174456636,0.7885688336772007,4.849039643574124,6.807314705339148,0.4375527436431083,0.0050545498992100105,0.43127669100613475,0.44382879628008187,0.437552743513758,0.005054548190237792,0.43127669299875376,0.44382879402876224,0.05900885271322396,0.0010531288269930638,0.05770122056327611,0.06031648486317181,2.982637506392267,0.004643211050191439,2.9768721983951827,2.9884028143893517,0.4910325829198377,0.0007663700421255108,0.49008100882922856,0.49198415701044684,16.321223196056152,0.025551014806890256,16.289497420852864,16.35294897125944,1.024741308602097,0.010930691232894732,1.01116906282273,1.0383135543814639
gpt2,Salesforce/wikitext:wikitext-2-raw-v1:test,512,0,4,2,4.0,256,5,84,64,20,36,9437184,30.927341318986464,"[35.59715165620933, 35.49301574329151, 36.691277719680386, 35.01106178304578, 36.97905097746462]",35.95431157593833,0.8401320079803642,34.91114990789047,36.997473243986185,5.02697025695186,0.8401320079803642,3.9838085889040045,6.070131924999716,0.3795725231576297,0.004976091076863276,0.37339389001570555,0.3857511562995538,0.37957252219526305,0.004976090106541366,0.3733938902581527,0.3857511541323734,0.043732281124458594,0.001004302349829731,0.04248527505336357,0.044979287195553615,2.982933952204055,0.0037758292532024517,2.978245640956989,2.9876222634511214,0.4910391772683296,0.0010564541941342933,0.48972741612972165,0.4923509384069375,16.320865765876242,0.019538448489761114,16.296605577805746,16.345125953946738,1.0211876999994274,0.010923374627297425,1.0076245389858196,1.0347508610130352
gpt2,Salesforce/wikitext:wikitext-2-raw-v1:test,512,0,4,3,0.0,0,5,56,28,28,0,0,30.927341318986464,"[37.524723159600995, 37.524723159600995, 37.524723159600995, 37.524723159600995, 37.524723159600995]",37.524723159600995,0.0,37.524723159600995,37.524723159600995,6.597381840614531,0.0,6.597381840614531,6.597381840614531,0.7313930204966002,0.0,0.7313930204966002,0.7313930204966002,0.7313930188409157,0.0,0.7313930188409157,0.7313930188409157,0.11105752271153808,0.0,0.11105752271153808,0.11105752271153808,2.9961210114674435,0.0,2.9961210114674435,2.9961210114674435,0.49306132204623687,0.0,0.49306132204623687,0.49306132204623687,16.396569341421127,0.0,16.396569341421127,16.396569341421127,0.9913976998039289,0.02286631871191501,0.963005415087891,1.0197899845199667
gpt2,Salesforce/wikitext:wikitext-2-raw-v1:test,512,0,4,3,0.5,32,5,64,36,28,8,1179648,30.927341318986464,"[60.493690025602746, 55.02636863114642, 56.33128135834348, 51.99626426796157, 53.333385249853684]",55.43619790658158,3.271174309861347,51.374498534177704,59.49789727898546,24.508856587595115,3.271174309861347,20.447157215191236,28.570555959998995,1.073413056631883,0.005214446330523989,1.0669384663527055,1.0798876469110603,1.0734130572010245,0.00521444606349251,1.0669384672534106,1.0798876471486385,0.34289794457274386,0.005906619877255862,0.3355639073200805,0.3502319818254072,2.985471713832683,0.004196085130849123,2.98026158599231,2.9906818416730565,0.48681600359785887,0.001872193061733755,0.4844913688754172,0.4891406383203005,16.334297643105188,0.022581717729438424,16.306258737182944,16.362336549027432,1.0146846415984327,0.007589131324931911,1.0052614904546244,1.024107792742241
gpt2,Salesforce/wikitext:wikitext-2-raw-v1:test,512,0,4,3,1.0,64,5,68,40,28,12,2359296,30.927341318986464,"[39.28718709109304, 40.61354219123497, 42.68750480955783, 38.67809571114597, 38.829477497577415]",40.01916146012184,1.6750325694389183,37.93933382283079,42.0989890974129,9.091820141135381,1.6750325694389183,7.011992503844329,11.171647778426433,0.7629573419897093,0.00822729091025662,0.7527418110636946,0.773172872915724,0.7629573424760666,0.00822728786414303,0.7527418153323014,0.7731728696198318,0.17456246752634696,0.0042752743365069325,0.16925401330026182,0.1798709217524321,2.9922956607821916,0.005855019314571841,2.9850256940905,2.999565627473883,0.491561231839781,0.0020947282729865007,0.48896028315719414,0.4941621805223679,16.37459553413921,0.030086840176850878,16.337237787871903,16.411953280406518,1.0231871917989337,0.019899999012726155,0.9984780794605412,1.0478963041373262
gpt2,Salesforce/wikitext:wikitext-2-raw-v1:test,512,0,4,3,1.5,96,5,72,44,28,16,3538944,30.927341318986464,"[35.84132518675364, 35.148091204482675, 39.440952793782536, 36.08717359043372, 35.66674528344124]",36.43685761177876,1.7143160077280772,34.30825314343841,38.56546208011912,5.5095162927922985,1.7143160077280772,3.380911824451939,7.638120761132658,0.6258954356941911,0.0017488931315872286,0.6237238980559935,0.6280669733323888,0.625895436739342,0.0017488944322645672,0.6237238974861401,0.6280669759925439,0.11735165921854787,0.002517314130364176,0.11422600089070506,0.12047731754639068,2.992444755882025,0.004505148248763066,2.986850875494965,2.9980386362690847,0.4946024336438212,0.001337218979478855,0.49294205697928756,0.4962628103083549,16.374904060032634,0.020878228118574975,16.348980315831515,16.400827804233753,1.0089690748005524,0.01677994109172422,0.9881340260549785,1.0298041235461264
gpt2,Salesforce/wikitext:wikitext-2-raw-v1:test,512,0,4,3,2.0,128,5,76,48,28,20,4718592,30.927341318986464,"[35.25121511458854, 35.04526897307925, 37.19636113340419, 34.908640417532865, 34.908640417532865]",35.46202521122754,0.9796067080234009,34.245682829475975,36.67836759297911,4.534683892241079,0.9796067080234009,3.3183415104895153,5.751026273992641,0.5424853831374397,0.0017982639287894258,0.5402525435577934,0.5447182227170859,0.5424853831684837,0.0017982653928432977,0.5402525417709745,0.544718224565993,0.08684143394606912,0.001255697488785455,0.08528227958160935,0.0884005883105289,2.9901992503553627,0.0015588885749141539,2.9882636345346807,2.9921348661760447,0.49400260294787585,0.0009179340593718747,0.49286283727362873,0.49514236862212296,16.36590841743681,0.008431637594888956,16.355439156589334,16.376377678284285,1.0111748165989412,0.02308153593607579,0.9825153044038695,1.0398343287940128
gpt2,Salesforce/wikitext:wikitext-2-raw-v1:test,512,0,4,3,3.0,192,5,84,56,28,28,7077888,30.927341318986464,"[34.401010450190235, 33.83461446305701, 34.468265581184795, 34.401010450190235, 34.06669812379028]",34.23431981368251,0.2730217743019391,33.89531850580608,34.57332112155894,3.3069784946960468,0.2730217743019391,2.967977186819615,3.6459798025724783,0.43803436915493676,0.005009317527905493,0.4318144799249654,0.4442542583849081,0.43803436985860267,0.005009316279941292,0.4318144821781836,0.44425425753902176,0.05663908177213873,0.00099748064191234,0.055400545970170995,0.05787761757410646,2.9892603027323883,0.0060691543432949396,2.981724452284777,2.9967961531799996,0.4936221642160995,0.000423476222298366,0.4930963490367763,0.4941479793954227,16.361973758538564,0.028946221152940634,16.326032277848913,16.397915239228215,1.0342224416017416,0.010532092436060821,1.0211451215981306,1.0472997616053525
gpt2,Salesforce/wikitext:wikitext-2-raw-v1:test,512,0,4,3,4.0,256,5,92,64,28,36,9437184,30.927341318986464,"[34.20003141036969, 32.69769831482433, 32.85774546700983, 34.06669812379028, 33.277543911718915]",33.41994344554261,0.6864421078738401,32.567612993344554,34.27227389774066,2.4926021265561444,0.6864421078738401,1.6402716743580927,3.344932578754196,0.3800412899193664,0.004436348497408181,0.3745328357066493,0.38554974413208354,0.38004128955718547,0.00443634563086259,0.37453283890375483,0.3855497402106161,0.04234929201257829,0.0007444920705414043,0.04142488301163885,0.043273701013517726,2.988186244790753,0.005350921251845452,2.981542198515113,2.9948302910663926,0.4938087972346693,0.0005719663336738511,0.4930986072299619,0.4945189872393767,16.353058959378135,0.027768925649246684,16.318579284130667,16.387538634625603,1.0624621915994794,0.03517820496955033,1.0187826809673561,1.1061417022316027
gpt2,Salesforce/wikitext:wikitext-2-raw-v1:test,512,0,4,4,0.0,0,5,64,28,36,0,0,30.927341318986464,"[36.97905097746462, 36.97905097746462, 36.97905097746462, 36.97905097746462, 36.97905097746462]",36.97905097746462,0.0,36.97905097746462,36.97905097746462,6.051709658478153,0.0,6.051709658478153,6.051709658478153,0.7331164152257972,0.0,0.7331164152257972,0.7331164152257972,0.7331164103104837,0.0,0.7331164103104837,0.7331164103104837,0.10845011550473929,0.0,0.10845011550473929,0.10845011550473929,2.995043874821729,0.0,2.995043874821729,2.995043874821729,0.49585601733997464,0.0,0.49585601733997464,0.49585601733997464,16.39216522872448,0.0,16.39216522872448,16.39216522872448,1.1462639584031422,0.30867353183119917,0.7629951467299385,1.529532770076346
gpt2,Salesforce/wikitext:wikitext-2-raw-v1:test,512,0,4,4,0.5,32,5,72,36,36,8,1179648,30.927341318986464,"[54.86539448390852, 52.301824199806006, 53.43765380953904, 54.91900014108631, 51.894808174781225]",53.48373616182422,1.4046969447459494,51.73957453714635,55.22789778650208,22.556394842837754,1.4046969447459494,20.812233218159886,24.300556467515623,1.0717707664084932,0.004636026125025693,1.0660143796743167,1.0775271531426698,1.071770766760326,0.004636030323541199,1.066014374813004,1.077527158707648,0.33652392625420663,0.0034657373398603725,0.33222064497207154,0.3408272075363417,2.984406174015668,0.008179292754974615,2.974250240671047,2.994562107360289,0.4884576755731056,0.002849179141540401,0.4849199524086218,0.4919953987375894,16.33182778921392,0.045267782772323704,16.275620413067017,16.388035165360826,1.041282707999926,0.01711853245924998,1.0200272425431929,1.0625381734566592
gpt2,Salesforce/wikitext:wikitext-2-raw-v1:test,512,0,4,4,1.0,64,5,76,40,36,12,2359296,30.927341318986464,"[38.19016894386643, 38.71588573814723, 38.30221825903928, 37.41494832871136, 37.74523999888851]",38.07369225373056,0.5049821453118711,37.44667410416111,38.700710403300015,7.146350934744097,0.5049821453118711,6.519332785174645,7.77336908431355,0.762890409771353,0.0074241508560166924,0.7536721089362034,0.7721087106065027,0.7628904088814226,0.007424151356672293,0.753672107424627,0.7721087103382182,0.1739641374449194,0.006107555165625422,0.16638060607871888,0.18154766881111992,2.991426929831505,0.007534831765112938,2.9820712004962417,3.000782659166768,0.4925819820517467,0.0017162637796351748,0.4904509591051526,0.4947130049983408,16.374801828463873,0.03662681157202743,16.329323635165895,16.42028002176185,1.0265353168011644,0.007628321872560282,1.017063504165296,1.0360071294370328
gpt2,Salesforce/wikitext:wikitext-2-raw-v1:test,512,0,4,4,1.5,96,5,80,44,36,16,3538944,30.927341318986464,"[36.3347083558004, 38.0412795852805, 37.01518097066168, 34.133299662956844, 34.468265581184795]",35.998546831176846,1.6688479822561109,33.92639837313444,38.07069528921925,5.07120551219038,1.6688479822561109,2.999057054147973,7.143353970232787,0.6240478148321725,0.003478690082693212,0.6197284505955839,0.6283671790687612,0.6240478158721493,0.003478691178478188,0.6197284502749639,0.6283671814693347,0.11538442934785659,0.0011936676871865835,0.11390229515485785,0.11686656354085533,2.9890691730297276,0.00547098869099785,2.9822760433375355,2.99586230272192,0.49455110678552755,0.001253694503428575,0.49299443945587434,0.49610777411518076,16.363098165392877,0.02673726124554477,16.329899470693714,16.39629686009204,1.1546261832030722,0.10519229151757141,1.0240127019371486,1.2852396644689958
gpt2,Salesforce/wikitext:wikitext-2-raw-v1:test,512,0,4,4,2.0,128,5,84,48,36,20,4718592,30.927341318986464,"[35.32013242426123, 34.03344610288473, 35.01106178304578, 33.14780706306518, 33.83461446305701]",34.26941236726279,0.8883670761487832,33.1663589516193,35.372465782906275,3.3420710482763227,0.8883670761487832,2.239017632632837,4.445124463919809,0.5416649500942893,0.0016651652030426707,0.5395973744106095,0.543732525777969,0.5416649507979552,0.001665164887564288,0.5395973755059936,0.5437325260899167,0.08513761946944416,0.0006170826715209984,0.08437141013230114,0.08590382880658719,2.9896338219443956,0.005502109887389856,2.9828020501830625,2.9964655937057287,0.4950959055684507,0.0007111540426966918,0.4942128911964571,0.49597891994044424,16.365182467301686,0.025846087772059895,16.333090310620705,16.397274623982668,1.0243373416014947,0.011602501037073977,1.009930933774638,1.0387437494283513
gpt2,Salesforce/wikitext:wikitext-2-raw-v1:test,512,0,4,4,3.0,192,5,92,56,36,28,7077888,30.927341318986464,"[32.44324280779044, 32.69769831482433, 32.72964525738904, 33.21261213934155, 32.63389794813038]",32.74341929349515,0.28483455997089513,32.38975047493508,33.097088112055225,1.8160779745086841,0.28483455997089513,1.4624091559486128,2.1697467930687555,0.4380874606211566,0.0060381211741658315,0.43059014294240305,0.44558477829991017,0.4380874598450545,0.006038120175825401,0.4305901434059043,0.4455847762842047,0.056458838643447966,0.0016211269511089733,0.05444594367173812,0.05847173361515781,2.9866758556001716,0.00578369012656409,2.9794944557932506,2.9938572554070926,0.4950565812540137,0.0015923351043130715,0.4930794360819121,0.49703372642611526,16.3485578722424,0.029596138709926025,16.31180941232044,16.385306332164358,1.0581913167989114,0.005847230124488712,1.0509310216641212,1.0654516119337016
gpt2,Salesforce/wikitext:wikitext-2-raw-v1:test,512,0,4,4,4.0,256,5,100,64,36,36,9437184,30.927341318986464,"[32.411575418595035, 32.22221914035047, 32.72964525738904, 32.411575418595035, 32.88984878196287]",32.53297280337849,0.2702235220178596,32.19744598462109,32.86849962213589,1.6056314843920247,0.2702235220178596,1.2701046656346264,1.941158303149423,0.3793973868868003,0.0045519678703093425,0.3737453722612569,0.3850494015123437,0.3793973865556634,0.004551966464763942,0.37374537367533517,0.38504939943599165,0.04177774971920169,0.0008279577007649064,0.04074970445012634,0.04280579498827704,2.9848283973419005,0.007140308387988072,2.9759625334804634,2.9936942612033377,0.4950575105742448,0.0014128712246825848,0.49330319924045835,0.49681182190803125,16.338637618223824,0.03585865505807313,16.294113217214207,16.383162019233442,1.0312908083986259,0.036358335686806874,0.9861459719417106,1.076435644855541
gpt2,Salesforce/wikitext:wikitext-2-raw-v1:test,512,0,5,1,0.0,0,5,48,36,12,0,0,30.927341318986464,"[51.692489491288626, 51.692489491288626, 51.692489491288626, 51.692489491288626, 51.692489491288626]",51.692489491288626,0.0,51.692489491288626,51.692489491288626,20.765148172302162,0.0,20.765148172302162,20.765148172302162,0.36134168443580467,0.0,0.36134168443580467,0.36134168443580467,0.3613416876954337,0.0,0.3613416876954337,0.3613416876954337,0.03599060645461173,0.0,0.03599060645461173,0.03599060645461173,1.554199382973214,0.0,1.554199382973214,1.554199382973214,0.2708885859077175,0.0,0.2708885859077175,0.2708885859077175,16.353541273209785,0.0,16.353541273209785,16.353541273209785,0.987937908200547,0.01504095178071264,0.9692620998757173,1.0066137165253768
gpt2,Salesforce/wikitext:wikitext-2-raw-v1:test,512,0,5,1,0.5,32,5,56,44,12,8,1179648,30.927341318986464,"[59.73055807527518, 61.626609520407456, 61.56645666084166, 61.74709161211946, 63.026463106182206]",61.53943579496519,1.1763013169565075,60.078864798660625,63.00000679126976,30.61209447597873,1.1763013169565075,29.151523479674157,32.0726654722833,0.5632100028192831,0.0033001091871131052,0.5591123760515033,0.5673076295870629,0.5632100032901185,0.00330011082473942,0.559112374488957,0.56730763209128,0.11239127899397217,0.0014304101119649436,0.11061519025527868,0.11416736773266566,1.554147592931986,0.001643977282667462,1.5521063255262328,1.556188860337739,0.26990268243373267,0.001322118518623509,0.2682610554677994,0.27154430939966595,16.35188980433676,0.018441229075949195,16.328991994110527,16.374787614562994,1.0316056668030797,0.03430590727662954,0.9890092568119723,1.074202076794187
gpt2,Salesforce/wikitext:wikitext-2-raw-v1:test,512,0,5,1,1.0,64,5,60,48,12,12,2359296,30.927341318986464,"[52.45527687482541, 53.59443898958377, 53.75168417471723, 52.148820435265655, 51.591626129191596]",52.708369320716734,0.9351325360421858,51.54724891716417,53.8694897242693,21.781028001730267,0.9351325360421858,20.6199075981777,22.942148405282833,0.3994935787179404,0.003039716687997092,0.3957192719417152,0.4032678854941656,0.3994935778952721,0.0030397165325687097,0.39571927131203677,0.4032678844785075,0.056679051395460395,0.0011948375735313223,0.05519546459670541,0.05816263819421538,1.554672266294559,0.001262988713817199,1.5531040586784743,1.5562404739106435,0.27049103463586005,0.0008446311477436383,0.2694422865479453,0.2715397827237748,16.357497348388037,0.010517068630288203,16.34443868290317,16.370556013872903,1.061405700200703,0.02342040228883304,1.0323254298552098,1.090485970546196
gpt2,Salesforce/wikitext:wikitext-2-raw-v1:test,512,0,5,1,1.5,96,5,64,52,12,16,3538944,30.927341318986464,"[50.5937537501147, 53.48986450769304, 50.64318584559816, 51.64203318539781, 50.6926662381911]",51.41230070539896,1.239806327308235,49.87287782403509,52.95172358676283,20.4849593864125,1.239806327308235,18.94553650504863,22.024382267776367,0.3294019397348166,0.0020224089475853173,0.32689078735495475,0.3319130921146784,0.329401939538204,0.002022409939639305,0.3268907859265444,0.3319130931498636,0.037998347880299356,0.0003054870430733246,0.03761903561699748,0.03837766014360123,1.5552178956568241,0.002070841537230695,1.5526466062740598,1.5577891850395884,0.27004487823384504,0.0005669138589748546,0.2693409617050732,0.2707487947626169,16.365687343478204,0.022157202270584993,16.3381755431179,16.39319914383851,1.1627327750058611,0.08827786842204088,1.0531213239480441,1.2723442260636781
gpt2,Salesforce/wikitext:wikitext-2-raw-v1:test,512,0,5,1,2.0,128,5,68,56,12,20,4718592,30.927341318986464,"[48.98928312720288, 50.24907744664976, 48.703075863068655, 48.94146538270724, 49.133016862271724]",49.203183736380055,0.6048088325263369,48.45221438323645,49.95415308952366,18.275842417393587,0.6048088325263369,17.524873064249984,19.02681177053719,0.28467304679668615,0.0014805683992996379,0.2828346783183976,0.2865114152749747,0.2846730477331827,0.001480567848483579,0.2828346799388226,0.2865114155275428,0.02845654174258622,0.0004519688992172914,0.027895348232120323,0.029017735253052117,1.5536873504726423,0.0017979872132976155,1.55145485448066,1.5559198464646247,0.27015376696880494,0.0009229857857185131,0.26900772874782447,0.2712998051897854,16.34831673204899,0.017227359735867132,16.326926139680857,16.36970732441712,1.144663216799381,0.045530886836935035,1.0881291538076692,1.201197279791093
gpt2,Salesforce/wikitext:wikitext-2-raw-v1:test,512,0,5,1,3.0,192,5,76,64,12,28,7077888,30.927341318986464,"[48.56059987746486, 49.181021760127734, 49.95551015880167, 49.277172309708625, 48.84596987082467]",49.16405479538551,0.5255523045841655,48.511495419610334,49.81661417116069,18.236713476399046,0.5255523045841655,17.58415410062387,18.889272852174223,0.23176126680854295,0.0010026865513197683,0.2305162670162861,0.2330062666007998,0.23176126589015542,0.0010026865259603482,0.23051626612938644,0.2330062656509244,0.018817204719501508,0.00037287015994741444,0.018354225265890325,0.01928018417311269,1.5538518933786287,0.0013562364562148238,1.5521679033978952,1.5555358833593622,0.2702301790937781,0.00047888297981369207,0.2696355673383909,0.27082479084916533,16.351790818240907,0.013480461170532981,16.335052614926273,16.368529021555542,1.0606293332035421,0.05894706312810837,0.9874368871175254,1.1338217792895589
gpt2,Salesforce/wikitext:wikitext-2-raw-v1:test,512,0,5,1,4.0,256,5,84,72,12,36,9437184,30.927341318986464,"[48.84596987082467, 49.32531805312982, 48.04174461812392, 48.08868329990042, 47.48204134005624]",48.356751436407016,0.7269222003826918,47.45415831069676,49.25934456211727,17.42941011742055,0.7269222003826918,16.526816991710298,18.3320032431308,0.2005919184225301,0.0016893374182546082,0.19849432896946487,0.20268950787559534,0.20059191801378295,0.0016893387895778916,0.19849432685799495,0.20268950916957096,0.01405429881946879,0.00018271751451643488,0.013827425059852459,0.01428117257908512,1.5535937322096691,0.0007497798205118814,1.5526627575999599,1.5545247068193784,0.2703266606873108,0.00046547741723754584,0.2697486941363501,0.2709046272382715,16.351363036036492,0.009714393437524001,16.339301023440733,16.36342504863225,1.0269973916001618,0.009098070363000687,1.0157006451772992,1.0382941380230244
gpt2,Salesforce/wikitext:wikitext-2-raw-v1:test,512,0,5,2,0.0,0,5,56,36,20,0,0,30.927341318986464,"[35.01106178304578, 35.01106178304578, 35.01106178304578, 35.01106178304578, 35.01106178304578]",35.01106178304578,0.0,35.01106178304578,35.01106178304578,4.0837204640593185,0.0,4.0837204640593185,4.0837204640593185,0.3557904664064861,0.0,0.3557904664064861,0.3557904664064861,0.35579046531994307,0.0,0.35579046531994307,0.35579046531994307,0.032818756263522014,0.0,0.032818756263522014,0.032818756263522014,1.548623566619224,0.0,1.548623566619224,1.548623566619224,0.2723113892134279,0.0,0.2723113892134279,0.2723113892134279,16.31100106570456,0.0,16.31100106570456,16.31100106570456,0.9903908250009408,0.011658510116590784,0.9759148727164756,1.0048667772854059
gpt2,Salesforce/wikitext:wikitext-2-raw-v1:test,512,0,5,2,0.5,32,5,64,44,20,8,1179648,30.927341318986464,"[38.79157659527073, 37.929993620143904, 40.062057424760255, 38.71588573814723, 37.929993620143904]",38.68590139969321,0.8730213134866076,37.601902265072326,39.76990053431409,7.758560080706741,0.8730213134866076,6.674560946085858,8.842559215327624,0.5541274639777839,0.0036488970123390026,0.5495967599244093,0.5586581680311585,0.5541274621461829,0.003648895134805488,0.549596760424074,0.5586581638682918,0.0988084835860516,0.0027381142913639922,0.09540866564749771,0.10220830152460549,1.549752092320058,0.001812634135920404,1.5475014097715705,1.5520027748685457,0.27204892489955657,0.0006938229877198602,0.27118742987457867,0.27291041992453446,16.311989907423655,0.01785968389460948,16.28981418091242,16.33416563393489,1.7892692749970593,0.4400954931403302,1.2428185453929799,2.335720004601139
gpt2,Salesforce/wikitext:wikitext-2-raw-v1:test,512,0,5,2,1.0,64,5,68,48,20,12,2359296,30.927341318986464,"[34.300373728940066, 35.38918446958933, 36.51255777326842, 35.35464158851711, 35.59715165620933]",35.43078184330485,0.7879194537221639,34.45245062413366,36.40911306247604,4.503440524318387,0.7879194537221639,3.5251093051471996,5.481771743489575,0.392817376455706,0.002616360443195524,0.3895687358870657,0.39606601702434635,0.3928173752812048,0.0026163609550223796,0.3895687340770475,0.3960660164853621,0.049732552766767586,0.0008013233695411421,0.048737578387889016,0.050727527145646156,1.5491455260871185,0.0022371381287757067,1.5463677522136088,1.5519232999606283,0.2716379926798658,0.0006066843230793854,0.27088469459762354,0.2723912907621081,16.310597673720782,0.026626443949411,16.27753657686861,16.343658770572954,1.0745496585965157,0.016113745354215003,1.0545418011139638,1.0945575160790677
gpt2,Salesforce/wikitext:wikitext-2-raw-v1:test,512,0,5,2,1.5,96,5,72,52,20,16,3538944,30.927341318986464,"[35.32013242426123, 34.77254452624438, 35.52769382137767, 34.670820919151105, 34.133299662956844]",34.884898270798246,0.5536171583093332,34.197491776537674,35.57230476505882,3.9575569518117817,0.5536171583093332,3.2701504575512086,4.644963446072355,0.32269459020656843,0.00164100102880969,0.3206570183080801,0.3247321621050568,0.3226945915181811,0.0016410004781230434,0.32065702030346055,0.3247321627329016,0.03367043386945928,0.0004804187130597928,0.03307391524938955,0.03426695248952901,1.5489912923218474,0.0010238308033921261,1.5477200384730234,1.5502625461706714,0.2720026678664403,0.0003038663559859382,0.2716253679519472,0.2723799677809334,16.308427844113773,0.01347354451271254,16.29169822896414,16.325157459263405,1.0283854584034997,0.019353190692478747,1.0043552982702766,1.0524156185367228
gpt2,Salesforce/wikitext:wikitext-2-raw-v1:test,512,0,5,2,2.0,128,5,76,56,20,20,4718592,30.927341318986464,"[34.23344619169951, 32.95414954113461, 34.16664924473404, 34.56939489431364, 34.468265581184795]",34.07838109061332,0.6497764040157351,33.27157712286468,34.88518505836196,3.1510397716268543,0.6497764040157351,2.3442358038782123,3.9578437393754964,0.2797515322842325,0.0012997004447572436,0.278137741033528,0.281365323534937,0.2797515323282116,0.0012996996493897706,0.27813774206508624,0.28136532259133695,0.025101836282475334,0.00018533480975832276,0.02487171272158448,0.025331959843366187,1.548293793780936,0.0022863594986168518,1.5454549035045522,1.5511326840573199,0.27188654203588764,0.0006355804005758286,0.2710973647345287,0.27267571933724655,16.301802421278424,0.024382408010934633,16.271527663061732,16.332077179495116,1.040816991997417,0.04230035180453077,0.9882941680503776,1.0933398159444565
gpt2,Salesforce/wikitext:wikitext-2-raw-v1:test,512,0,5,2,3.0,192,5,84,64,20,28,7077888,30.927341318986464,"[34.09998263323346, 35.01106178304578, 34.33388654867789, 34.70469568042362, 33.57131140436464]",34.34418760994908,0.554925004684253,33.65515720992959,35.03321800996857,3.4168462909626145,0.554925004684253,2.7278158909431225,4.1058766909821065,0.22756608574547701,0.0014827030168462724,0.22572506678943088,0.22940710470152315,0.22756608630685757,0.0014827020461739755,0.22572506855606028,0.22940710405765485,0.0166456420541686,0.000272492069121622,0.01630729846214423,0.016983985646192967,1.5481094458243914,0.0015715008024726341,1.5461581698548128,1.55006072179397,0.27159072323184874,0.0005602087206274169,0.2708951322319659,0.2722863142317316,16.30101278424263,0.017809681657664042,16.278899143708838,16.323126424776422,1.0188640167936682,0.007059760187527224,1.0100981667328635,1.027629866854473
gpt2,Salesforce/wikitext:wikitext-2-raw-v1:test,512,0,5,2,4.0,256,5,92,72,20,36,9437184,30.927341318986464,"[34.33388654867789, 35.11378365112735, 34.23344619169951, 34.401010450190235, 33.76859572409541]",34.37014451315808,0.48368737069752776,33.769567318577124,34.97072170773904,3.4428031941716144,0.48368737069752776,2.842225999590656,4.043380388752573,0.1963697229201595,0.0011404117288760795,0.19495371473328477,0.19778573110703423,0.19636972496389515,0.0011404108226059707,0.19495371790230337,0.19778573202548694,0.012442331273107104,0.00020442475266633042,0.012188504417379613,0.012696158128834595,1.547791466427346,0.0009825938705202498,1.5465714149934653,1.5490115178612267,0.27153089041304257,0.00031469645051916337,0.2711401431600704,0.27192163766601474,16.29764623608854,0.011056609715941246,16.283917641862065,16.311374830315014,1.158945300200139,0.14272877762628436,0.9817241155139509,1.3361664848863273
gpt2,Salesforce/wikitext:wikitext-2-raw-v1:test,512,0,5,3,0.0,0,5,64,36,28,0,0,30.927341318986464,"[32.82567348764723, 32.82567348764723, 32.82567348764723, 32.82567348764723, 32.82567348764723]",32.82567348764723,0.0,32.82567348764723,32.82567348764723,1.8983321686607653,0.0,1.8983321686607653,1.8983321686607653,0.3548547360632155,0.0,0.3548547360632155,0.3548547360632155,0.35485473479558194,0.0,0.35485473479558194,0.35485473479558194,0.0314641764861234,0.0,0.0314641764861234,0.0314641764861234,1.5498535609286692,0.0,1.5498535609286692,1.5498535609286692,0.2731102280215257,0.0,0.2731102280215257,0.2731102280215257,16.319400388333534,0.0,16.319400388333534,16.319400388333534,1.0451125502033392,0.043997601280736924,0.9904823126857243,1.099742787720954
gpt2,Salesforce/wikitext:wikitext-2-raw-v1:test,512,0,5,3,0.5,32,5,72,44,28,8,1179648,30.927341318986464,"[36.122432184201266, 37.524723159600995, 34.133299662956844, 34.300373728940066, 36.051949412079516]",35.62655562955574,1.4158447315188654,33.86855219938229,37.384559059729185,4.699214310569273,1.4158447315188654,2.9412108803958237,6.457217740742722,0.5556956298908012,0.0017945311121217084,0.5534674252152232,0.5579238345663793,0.5556956304806389,0.001794528617178607,0.5534674289029418,0.557923832058336,0.09569842365486289,0.0005584801923416752,0.09500497890632231,0.09639186840340347,1.553833041836818,0.0011206025949394613,1.552441629938388,1.555224453735248,0.2731661083073252,0.0010916355731640434,0.2718106637169689,0.2745215528976815,16.35866192082564,0.011570636574340766,16.344295077954982,16.373028763696297,1.0298402329994132,0.018450407586303147,1.006931026147315,1.0527494398515114
gpt2,Salesforce/wikitext:wikitext-2-raw-v1:test,512,0,5,3,1.0,64,5,76,48,28,12,2359296,30.927341318986464,"[34.16664924473404, 34.23344619169951, 33.57131140436464, 32.506670437280725, 33.34260262789239]",33.56413598119426,0.7032709791600827,32.69090972538968,34.437362236998844,2.6367946622077967,0.7032709791600827,1.7635684064032122,3.510020918012381,0.39428259602540894,0.002181327127132889,0.3915741206633428,0.3969910713874751,0.3942825955287036,0.0021813255190183756,0.39157412216337534,0.39699106889403185,0.04826608333565269,0.000667214515716059,0.0474376270924091,0.04909453957889628,1.5540912740346458,0.0021500814181980095,1.5514215953444623,1.5567609527248292,0.2737347944484403,0.0005222211216164464,0.2730863712826276,0.274383217614253,16.356136946876845,0.023871211304482578,16.326496923206555,16.385776970547134,1.1227060670003994,0.2504135378243628,0.8117765924210516,1.4336355415797473
gpt2,Salesforce/wikitext:wikitext-2-raw-v1:test,512,0,5,3,1.5,96,5,80,52,28,16,3538944,30.927341318986464,"[32.44324280779044, 33.08312843567797, 33.47310188483046, 32.88984878196287, 33.63694444585419]",33.105253271223184,0.47517222239655715,32.51524902972691,33.69525751271946,2.1779119522367223,0.47517222239655715,1.587907710740445,2.767916193733,0.323423427501176,0.0012638406345386875,0.3218541620858023,0.32499269291654964,0.3234234285463269,0.0012638404223598075,0.3218541633944081,0.3249926936982457,0.03250005924500227,0.0004520329817459187,0.03193878616556767,0.03306133232443688,1.5523487949536907,0.001558995625513476,1.5504130462121335,1.554284543695248,0.2734027241925812,0.000431368043910555,0.2728671100224819,0.27393833836268056,16.342395209272702,0.01695385098988472,16.32134422286765,16.363446195677753,1.1429741083993576,0.1503158825804412,0.9563322886409995,1.3296159281577158
gpt2,Salesforce/wikitext:wikitext-2-raw-v1:test,512,0,5,3,2.0,128,5,84,56,28,20,4718592,30.927341318986464,"[32.72964525738904, 32.316758590891595, 32.57022206991727, 33.11545195869231, 32.63389794813038]",32.67319516500412,0.29067698800579544,32.31227201389101,33.03411831611722,1.7458538460176556,0.29067698800579544,1.3849306949045521,2.1067769971307593,0.28037319283725487,0.0013890121400363146,0.2786485064699038,0.28209787920460594,0.28037319290193,0.001389013656172794,0.2786485046520469,0.28209788115181317,0.024450948535862455,0.00027458729631553934,0.024110003375663342,0.02479189369606157,1.551853489772313,0.0014163087847940462,1.5500949101438946,1.5536120694007316,0.273314197625344,0.0006494445288041931,0.2725078057350974,0.27412058951559054,16.33821322917938,0.015130477922226503,16.319426259467736,16.357000198891026,1.0229202667978825,0.008441579204882652,1.0124386618111942,1.0334018717845708
gpt2,Salesforce/wikitext:wikitext-2-raw-v1:test,512,0,5,3,3.0,192,5,92,64,28,28,7077888,30.927341318986464,"[33.05083646319603, 32.44324280779044, 33.01857601045046, 32.66578255521719, 32.1907674892223]",32.67384106517528,0.36998928643217804,32.21443868849135,33.133243441859214,1.7464997461888203,0.36998928643217804,1.2870973695048844,2.2059021228727564,0.22801260689997838,0.001099878428115563,0.22664692745338633,0.22937828634657043,0.22801260850392283,0.001099877032563614,0.2266469307901374,0.22937828621770825,0.01614090530108822,0.00019181564831745725,0.01590273471628032,0.01637907588589612,1.5519259761191078,0.0016895047689428839,1.5498281788727177,1.5540237733654978,0.2732483137709399,0.00022530977097207937,0.2729685547398803,0.2735280728019995,16.33813339670499,0.017977710904736845,16.315811120304463,16.360455673105516,1.0675666419992922,0.016115355774712178,1.047556784915587,1.0875764990829975
gpt2,Salesforce/wikitext:wikitext-2-raw-v1:test,512,0,5,3,4.0,256,5,100,72,28,36,9437184,30.927341318986464,"[32.60204446315635, 32.1907674892223, 32.253701520983896, 32.69769831482433, 32.22221914035047]",32.39328618570747,0.23770170267380444,32.09814053918567,32.68843183222926,1.4659448667210058,0.23770170267380444,1.1707992201992075,1.761090513242804,0.1970282364352089,0.0012515332542699998,0.19547425265082705,0.19858222021959074,0.19702823684654303,0.0012515344185153724,0.1954742516165596,0.19858222207652645,0.011983452159014026,0.00015201708696932278,0.011794698015012407,0.012172206303015645,1.5511973505839707,0.001212645229694047,1.549691652659666,1.5527030485082753,0.2733770492227955,0.0004070096919605753,0.272871679941368,0.27388241850422296,16.331542987624804,0.01244636738095062,16.31608878133946,16.34699719391015,1.0348008085973561,0.010962473034977532,1.021189100498545,1.0484125166961673
gpt2,Salesforce/wikitext:wikitext-2-raw-v1:test,512,0,5,4,0.0,0,5,72,36,36,0,0,30.927341318986464,"[32.159346537604755, 32.159346537604755, 32.159346537604755, 32.159346537604755, 32.159346537604755]",32.159346537604755,0.0,32.159346537604755,32.159346537604755,1.2320052186182906,0.0,1.2320052186182906,1.2320052186182906,0.35466033111636835,0.0,0.35466033111636835,0.35466033111636835,0.35466033111636835,0.0,0.35466033111636835,0.35466033111636835,0.03082730673567211,0.0,0.03082730673567211,0.03082730673567211,1.5498914477518864,0.0,1.5498914477518864,1.5498914477518864,0.2741974919723968,0.0,0.2741974919723968,0.2741974919723968,16.324831472502815,0.0,16.324831472502815,16.324831472502815,1.1961348329961765,0.3682024767745038,0.7389510735358176,1.6533185924565355
gpt2,Salesforce/wikitext:wikitext-2-raw-v1:test,512,0,5,4,0.5,32,5,80,44,36,8,1179648,30.927341318986464,"[34.000226538805215, 35.32013242426123, 33.60411190141892, 34.33388654867789, 35.216806903447065]",34.495032863322066,0.7527098784266208,33.5604201061874,35.42964562045673,3.5676915443355997,0.7527098784266208,2.6330787872009322,4.502304301470267,0.5553523492792414,0.003466331385957626,0.5510483303914541,0.5596563681670287,0.5553523474114223,0.003466329848641408,0.5510483304324651,0.5596563643903794,0.09520268308050517,0.00047075017978368585,0.09461816953011981,0.09578719663089053,1.552046687569883,0.0034961406793801936,1.547705655555641,1.5563877195841251,0.2736995804382281,0.001204781721603921,0.2722036463488186,0.27519551452763763,16.341711180408797,0.03390191951349319,16.299616387478892,16.383805973338703,1.0174626331980108,0.010316603351050226,1.0046528782332633,1.0302723881627582
gpt2,Salesforce/wikitext:wikitext-2-raw-v1:test,512,0,5,4,1.0,64,5,84,48,36,12,2359296,30.927341318986464,"[31.94025694917103, 32.72964525738904, 32.033969127372174, 32.348333340301785, 33.14780706306518]",32.44000234745984,0.501969166509347,31.816725305196833,33.063279389722844,1.5126610284733772,0.501969166509347,0.8893839862103704,2.135938070736384,0.3934493985544476,0.002659086875628714,0.3901477061128833,0.3967510909960119,0.3934493970850276,0.002659085310581634,0.3901477065867259,0.3967510875833293,0.04724491987985352,0.0011473282662004404,0.04582032367759089,0.04866951608211615,1.5509925345579783,0.0018128123499006837,1.5487416307276074,1.553243438388349,0.2737931903399941,0.0009404633214525601,0.2726254508921153,0.2749609297878729,16.33412052889665,0.021906670400293777,16.30691980494009,16.361321252853212,1.1736578835989349,0.0816186063357496,1.072314998528269,1.2750007686696008
gpt2,Salesforce/wikitext:wikitext-2-raw-v1:test,512,0,5,4,2.0,128,5,92,56,36,20,4718592,30.927341318986464,"[31.598985005566618, 31.048387510438282, 32.09659661306934, 31.846818916590372, 31.629858461837337]",31.64412930150039,0.38825239665766687,31.162050278354236,32.12620832464654,0.7167879825139252,0.38825239665766687,0.23470895936777275,1.1988670056600776,0.28005671788576164,0.0013725571932326438,0.27835246303344907,0.2817609727380742,0.28005671710965946,0.0013725577286970007,0.27835246159248006,0.28176097262683886,0.023797172569740926,0.00033973123092148437,0.02337534053124027,0.024219004608241584,1.5507627799900041,0.0007748687186979196,1.5498006533986626,1.5517249065813457,0.273529014394929,0.00034751128164370147,0.27309752214754235,0.27396050664231564,16.330566506915623,0.007352699044386246,16.32143692522258,16.339696088608665,1.0643012498010649,0.033431768076263135,1.022790226984471,1.1058122726176587
gpt2,Salesforce/wikitext:wikitext-2-raw-v1:test,512,0,5,4,3.0,192,5,100,64,36,28,7077888,30.927341318986464,"[31.9714638416083, 31.506545329982153, 31.56814168443872, 31.629858461837337, 31.506545329982153]",31.636510929569734,0.19409673905178715,31.39550799652038,31.87751386261909,0.7091696105832689,0.19409673905178715,0.46816667753391417,0.9501725436326236,0.2277977921301499,0.0013112481036979874,0.22616966256707513,0.22942592169322465,0.22779779157653038,0.0013112467291817942,0.2261696637201429,0.22942591943291785,0.015766027668723835,0.000183414877505407,0.015538288018590418,0.015993767318857252,1.5504175959982807,0.0007561485286615308,1.5494787135929469,1.5513564784036145,0.27360620227021476,0.0002455269596599216,0.2733013402838166,0.27391106425661293,16.32641771071487,0.00704949445039533,16.31766460725028,16.335170814179463,1.0439591083966662,0.017158377001325113,1.0226541694065132,1.0652640473868191
gpt2,Salesforce/wikitext:wikitext-2-raw-v1:test,512,0,5,5,0.0,0,1,80,36,44,0,0,30.927341318986464,[32.033969127372174],32.033969127372174,0.0,32.033969127372174,32.033969127372174,1.10662780838571,0.0,1.10662780838571,1.10662780838571,0.35551363483278287,0.0,0.35551363483278287,0.35551363483278287,0.3555136358934558,0.0,0.3555136358934558,0.3555136358934558,0.03158041767569052,0.0,0.03158041767569052,0.03158041767569052,1.5505214703993664,0.0,1.5505214703993664,1.5505214703993664,0.27466748864389956,0.0,0.27466748864389956,0.27466748864389956,16.330691799521446,0.0,16.330691799521446,16.330691799521446,1.087000999992597,0.0,1.087000999992597,1.087000999992597
gpt2,Salesforce/wikitext:wikitext-2-raw-v1:test,512,0,6,2,0.0,0,1,64,44,20,0,0,30.927341318986464,[34.133299662956844],34.133299662956844,0.0,34.133299662956844,34.133299662956844,3.20595834397038,0.0,3.20595834397038,3.20595834397038,0.18579549392840514,0.0,0.18579549392840514,0.18579549392840514,0.18579548962103823,0.0,0.18579548962103823,0.18579548962103823,0.009073476926965264,0.0,0.009073476926965264,0.009073476926965264,0.8015522514987323,0.0,0.8015522514987323,0.8015522514987323,0.15635381390651068,0.0,0.15635381390651068,0.15635381390651068,16.320423068271744,0.0,16.320423068271744,16.320423068271744,1.1670921670011012,0.0,1.1670921670011012,1.1670921670011012
gpt2,Salesforce/wikitext:wikitext-2-raw-v1:test,512,0,6,3,0.0,0,1,72,44,28,0,0,30.927341318986464,[32.53843073806492],32.53843073806492,0.0,32.53843073806492,32.53843073806492,1.6110894190784535,0.0,1.6110894190784535,1.6110894190784535,0.18614112281809664,0.0,0.18614112281809664,0.18614112281809664,0.18614112391757467,0.0,0.18614112391757467,0.18614112391757467,0.00866167463987545,0.0,0.00866167463987545,0.00866167463987545,0.8033129245870643,0.0,0.8033129245870643,0.8033129245870643,0.1565922742528427,0.0,0.1565922742528427,0.1565922742528427,16.34575930900044,0.0,16.34575930900044,16.34575930900044,1.1485743750090478,0.0,1.1485743750090478,1.1485743750090478
gpt2,Salesforce/wikitext:wikitext-2-raw-v1:test,512,0,6,4,0.0,0,1,80,44,36,0,0,30.927341318986464,[31.291903031786116],31.291903031786116,0.0,31.291903031786116,31.291903031786116,0.3645617127996523,0.0,0.3645617127996523,0.3645617127996523,0.18523835992285362,0.0,0.18523835992285362,0.18523835992285362,0.1852383599875288,0.0,0.1852383599875288,0.1852383599875288,0.008516921826311672,0.0,0.008516921826311672,0.008516921826311672,0.8029335386947625,0.0,0.8029335386947625,0.8029335386947625,0.157277514718266,0.0,0.157277514718266,0.157277514718266,16.346849658423,0.0,16.346849658423,16.346849658423,0.9328678750025574,0.0,0.9328678750025574,0.9328678750025574
gpt2,Salesforce/wikitext:wikitext-2-raw-v1:test,512,0,6,5,0.0,0,1,88,44,44,0,0,30.927341318986464,[30.897153579735804],30.897153579735804,0.0,30.897153579735804,30.897153579735804,-0.030187739250660428,0.0,-0.030187739250660428,-0.030187739250660428,0.18567478933578563,0.0,0.18567478933578563,0.18567478933578563,0.1856747906292892,0.0,0.1856747906292892,0.1856747906292892,0.008455068787548549,0.0,0.008455068787548549,0.008455068787548549,0.8020273038289614,0.0,0.8020273038289614,0.8020273038289614,0.1571169604624932,0.0,0.1571169604624932,0.1571169604624932,16.33080372379886,0.0,16.33080372379886,16.33080372379886,0.9444366250099847,0.0,0.9444366250099847,0.9444366250099847
gpt2,Salesforce/wikitext:wikitext-2-raw-v1:test,512,0,7,2,0.0,0,1,72,52,20,0,0,30.927341318986464,[33.63694444585419],33.63694444585419,0.0,33.63694444585419,33.63694444585419,2.7096031268677265,0.0,2.7096031268677265,2.7096031268677265,0.11083773874108577,0.0,0.11083773874108577,0.11083773874108577,0.1108377369107782,0.0,0.1108377369107782,0.1108377369107782,0.003031000079166309,0.0,0.003031000079166309,0.003031000079166309,0.4551009645478593,0.0,0.4551009645478593,0.4551009645478593,0.10877667291788384,0.0,0.10877667291788384,0.10877667291788384,16.294967859983444,0.0,16.294967859983444,16.294967859983444,1.1169113330106484,0.0,1.1169113330106484,1.1169113330106484
gpt2,Salesforce/wikitext:wikitext-2-raw-v1:test,512,0,7,3,0.0,0,1,80,52,28,0,0,30.927341318986464,[32.60204446315635],32.60204446315635,0.0,32.60204446315635,32.60204446315635,1.6747031441698894,0.0,1.6747031441698894,1.6747031441698894,0.11107587071860002,0.0,0.11107587071860002,0.11107587071860002,0.11107587055691208,0.0,0.11107587055691208,0.11107587055691208,0.0029092678037664476,0.0,0.0029092678037664476,0.0029092678037664476,0.4563513465432657,0.0,0.4563513465432657,0.4563513465432657,0.10948842270429143,0.0,0.10948842270429143,0.10948842270429143,16.33377112282647,0.0,16.33377112282647,16.33377112282647,0.9902234580076765,0.0,0.9902234580076765,0.9902234580076765
gpt2,Salesforce/wikitext:wikitext-2-raw-v1:test,512,0,7,4,0.0,0,1,88,52,36,0,0,30.927341318986464,[31.383712950467558],31.383712950467558,0.0,31.383712950467558,31.383712950467558,0.45637163148109394,0.0,0.45637163148109394,0.45637163148109394,0.11084378561806968,0.0,0.11084378561806968,0.11084378561806968,0.11084378581209522,0.0,0.11084378581209522,0.11084378581209522,0.0028629239112281843,0.0,0.0028629239112281843,0.0028629239112281843,0.4559658053331077,0.0,0.4559658053331077,0.4559658053331077,0.10941416735941958,0.0,0.10941416735941958,0.10941416735941958,16.318609199590153,0.0,16.318609199590153,16.318609199590153,1.001711165998131,0.0,1.001711165998131,1.001711165998131
gpt2,Salesforce/wikitext:wikitext-2-raw-v1:test,512,0,7,5,0.0,0,1,96,52,44,0,0,30.927341318986464,[31.139482958664225],31.139482958664225,0.0,31.139482958664225,31.139482958664225,0.21214163967776045,0.0,0.21214163967776045,0.21214163967776045,0.11107581018910019,0.0,0.11107581018910019,0.11107581018910019,0.11107580676131572,0.0,0.11107580676131572,0.11107580676131572,0.0028596251414051543,0.0,0.0028596251414051543,0.0028596251414051543,0.4555938248005178,0.0,0.4555938248005178,0.4555938248005178,0.10942402739439988,0.0,0.10942402739439988,0.10942402739439988,16.30985084341632,0.0,16.30985084341632,16.30985084341632,1.0277968340087682,0.0,1.0277968340087682,1.0277968340087682
gpt2,Salesforce/wikitext:wikitext-2-raw-v1:test,512,0,8,2,0.0,0,1,80,60,20,0,0,30.927341318986464,[34.06669812379028],34.06669812379028,0.0,34.06669812379028,34.06669812379028,3.1393568048038176,0.0,3.1393568048038176,3.1393568048038176,0.0712105970014818,0.0,0.0712105970014818,0.0712105970014818,0.07121059553982276,0.0,0.07121059553982276,0.07121059553982276,0.0011816336097783481,0.0,0.0011816336097783481,0.0011816336097783481,0.2765649965343376,0.0,0.2765649965343376,0.2765649965343376,0.08258853661310342,0.0,0.08258853661310342,0.08258853661310342,16.295345049765373,0.0,16.295345049765373,16.295345049765373,1.0972515000030398,0.0,1.0972515000030398,1.0972515000030398
gpt2,Salesforce/wikitext:wikitext-2-raw-v1:test,512,0,8,3,0.0,0,1,88,60,28,0,0,30.927341318986464,[32.033969127372174],32.033969127372174,0.0,32.033969127372174,32.033969127372174,1.10662780838571,0.0,1.10662780838571,1.10662780838571,0.07096940328806846,0.0,0.07096940328806846,0.07096940328806846,0.07096940292265369,0.0,0.07096940292265369,0.07096940292265369,0.001132881388053243,0.0,0.001132881388053243,0.001132881388053243,0.27698529871284133,0.0,0.27698529871284133,0.27698529871284133,0.08250745932390499,0.0,0.08250745932390499,0.08250745932390499,16.326797109511162,0.0,16.326797109511162,16.326797109511162,1.112263333008741,0.0,1.112263333008741,1.112263333008741
gpt2,Salesforce/wikitext:wikitext-2-raw-v1:test,512,0,8,4,0.0,0,1,96,60,36,0,0,30.927341318986464,[31.261359449017796],31.261359449017796,0.0,31.261359449017796,31.261359449017796,0.33401813003133185,0.0,0.33401813003133185,0.33401813003133185,0.07068478616808231,0.0,0.07068478616808231,0.07068478616808231,0.07068478372336055,0.0,0.07068478372336055,0.07068478372336055,0.001119141347620219,0.0,0.001119141347620219,0.001119141347620219,0.2764005340480556,0.0,0.2764005340480556,0.2764005340480556,0.08204921734674524,0.0,0.08204921734674524,0.08204921734674524,16.314715590741898,0.0,16.314715590741898,16.314715590741898,1.1243959999992512,0.0,1.1243959999992512,1.1243959999992512
gpt2,Salesforce/wikitext:wikitext-2-raw-v1:test,512,0,8,5,0.0,0,1,104,60,44,0,0,30.927341318986464,[31.01808161971682],31.01808161971682,0.0,31.01808161971682,31.01808161971682,0.09074030073035644,0.0,0.09074030073035644,0.09074030073035644,0.07093381591322315,0.0,0.07093381591322315,0.07093381591322315,0.07093381695772728,0.0,0.07093381695772728,0.07093381695772728,0.001122561026982617,0.0,0.001122561026982617,0.001122561026982617,0.2764599356645097,0.0,0.2764599356645097,0.2764599356645097,0.08232317339732415,0.0,0.08232317339732415,0.08232317339732415,16.309244086345036,0.0,16.309244086345036,16.309244086345036,1.1492739589884877,0.0,1.1492739589884877,1.1492739589884877
